Date,Inflation,IndustrialProductionGrowth,MoneySupplyGrowth,SP500_Return,NASDAQ_Return,VIX_Change,Unemployment_Change,FedFunds,YieldCurveSpread,Regime,RegimeProb_0,RegimeProb_1,RegimeProb_2,RegimeProb_3,RegimeProb_4,RegimeProb_5,Confidence,Entropy
1996-01-01,2.7906976744185963,1.878821551939436,0.4848751997355238,3.2617386869231213,0.7280501595941624,0.0798664124753933,0.0,5.56,0.6500000000000004,0,1.0,0.0,0.0,3.558995165222907e-33,0.0,0.0,1.0,-1.000088900581841e-12
1996-02-01,2.717031146454607,3.4865787366735512,0.3673849865657663,0.6933701784703983,3.7988665944850064,35.9936255280886,-0.0999999999999996,5.22,0.9799999999999996,0,0.999999956278317,3.0738221470583964e-47,0.0,4.372174283001293e-08,0.0,0.0,0.999999956278317,7.846029911128231e-07
1996-03-01,2.8439153439153486,3.188414739319012,0.6719842657342712,0.7916567590839696,0.1227194696619138,10.798111187673689,0.0,5.31,1.3099999999999996,0,0.9999699422587097,3.2844227825216025e-23,0.0,3.0057741219876337e-05,0.0,0.0,0.9999699422587097,0.0003430302212361722
1996-04-01,2.832674571805005,4.395391371041835,0.2984750637651245,1.343142201418468,8.09151926109668,-16.154657694045692,0.0999999999999996,5.22,1.5599999999999996,0,0.999999878450588,1.735473010405712e-22,0.0,1.2154937845582866e-07,0.0,0.0,0.999999878450588,2.056971502904208e-06
1996-05-01,2.827087442472065,4.661591494286932,0.3868628936262164,2.285340599170316,4.444279248703431,1.516107215886664,0.0,5.24,1.7200000000000006,0,0.9999999439708078,1.063261189917964e-22,0.0,5.6029231158309e-08,0.0,0.0,0.9999999439708078,9.915692434097207e-07
1996-06-01,2.8215223097112663,5.110978907668273,0.339558573853993,0.2256709972268122,-4.697492553390237,-14.872429589517688,-0.2999999999999998,5.27,1.8200000000000005,0,0.9999997838033557,1.1767774989033671e-22,0.0,2.1619658492535934e-07,0.0,0.0,0.9999997838033557,3.534180414235831e-06
1996-07-01,2.8833551769331667,5.568536043472649,0.3813821072704337,-4.57480167192077,-8.812513880756734,42.25145212248302,0.2000000000000001,5.4,1.7199999999999998,0,0.9999998188902901,4.4738966419514545e-26,0.0,1.8110982318105036e-07,0.0,0.0,0.9999998188902901,2.9926859703514813e-06
1996-08-01,2.8122956180510084,4.720645436557502,0.1765886287625306,1.881393514756069,5.636738828446242,-12.589922769039086,-0.4000000000000003,5.22,1.59,0,0.9999999998749445,4.3983153110772856e-24,0.0,1.2501987620399156e-10,0.0,0.0,0.9999999998749445,2.9738312975799746e-09
1996-09-01,3.004572175048992,4.952801645891314,0.2697577521967975,5.420332732833044,7.483140074052774,-0.3527305416522464,0.1000000000000005,5.3,1.7400000000000002,0,0.9999997980487683,4.599885904166087e-25,0.0,2.0195121505671142e-07,0.0,0.0,0.9999997980487683,3.3150755947998405e-06
1996-10-01,3.0618892508143203,5.168722601692299,0.511427201534298,2.610100242291802,-0.440944314699665,6.843656608844539,0.0,5.24,1.54,0,0.9999988657279639,1.2000601912311557e-21,0.0,1.134272023132569e-06,0.0,0.0,0.9999988657279639,1.6661908374191793e-05
1996-11-01,3.253090435914108,5.855898562613082,0.585678698256209,7.337615178140577,5.820662542059707,-5.356163379413004,0.2000000000000001,5.31,1.17,0,0.9999942750041725,5.6510762404750795e-24,0.0,5.72499573917897e-06,0.0,0.0,0.9999942750041725,7.482950461838169e-05
1996-12-01,3.378817413905133,6.165643121709419,0.6112501646686752,-2.150541448950805,-0.1222299125484327,22.05368040402853,0.0,5.29,1.3899999999999997,0,0.9999999799633772,6.003491189630015e-21,0.0,2.003667822061554e-08,0.0,0.0,0.9999999799633772,3.751987964743562e-07
1997-01-01,3.0381383322559907,6.946049233947327,0.4006599104407371,6.131703905412889,6.879773845185921,-6.931169969652928,-0.1000000000000005,5.25,1.5499999999999998,0,0.9999999744288747,1.713765141793844e-23,0.0,2.5571174840935257e-08,0.0,0.0,0.9999999744288747,4.725992920017147e-07
1997-02-01,3.032258064516125,6.661807501031536,0.2869066249348018,0.5927590234654057,-5.134614402978976,8.371859915769075,-0.0999999999999996,5.19,1.41,0,0.9999992346163908,2.0023731155116144e-24,0.0,7.653836683829296e-07,0.0,0.0,0.9999992346163908,1.1544194255553222e-05
1997-03-01,2.7652733118971096,7.470272474009643,0.3771131339401767,-4.261401064074876,-6.669216869986627,4.928905162921482,0.0,5.39,1.5500000000000007,0,0.9999999687793211,9.622824364907654e-22,0.0,3.122066066746345e-08,0.0,0.0,0.9999999687793211,5.707799356996166e-07
1997-04-01,2.434336963484962,6.536171976339267,0.42233449928748,5.840557906734034,3.197189175319437,-9.394760528668131,-0.1000000000000005,5.51,1.7299999999999995,0,0.9999999363958543,1.0033856928118595e-30,0.0,6.360421859659483e-08,0.0,0.0,0.9999999363958543,1.1175613204122022e-06
1997-05-01,2.237851662404089,6.331688761977006,0.3792765364569739,5.857688480332501,11.06950850617332,-4.336983823762508,-0.1999999999999993,5.5,1.66,0,0.9999999999376996,1.8671724490862366e-29,0.0,6.230250436286929e-11,0.0,0.0,0.9999999999376996,1.5243561141510427e-09
1997-06-01,2.233567326100827,6.012329789391524,0.4266803752730919,4.345261479527585,2.9814614946134466,12.19385141983167,0.0999999999999996,5.56,1.5600000000000005,0,0.9999999183182842,3.6769568718236176e-32,0.0,8.168161777516742e-08,0.0,0.0,0.9999999183182842,1.4147593978073626e-06
1997-07-01,2.165605095541401,6.901473595485519,0.4555808656036442,7.814580943742477,10.522382266905051,-0.2322393999745431,-0.0999999999999996,5.52,1.17,0,0.9999999968229076,2.8192187056431004e-32,0.0,3.1770720319558005e-09,0.0,0.0,0.9999999968229076,6.534183256778633e-08
1997-08-01,2.290076335877877,7.421174007233544,0.8356900812759527,-5.746563170852836,-0.4072073877117943,15.270022144069497,-0.1000000000000005,5.54,1.16,0,0.999999999874035,7.484631904591679e-30,0.0,1.2594431116425795e-10,0.0,0.0,0.999999999874035,2.994892391798593e-09
1997-09-01,2.21940393151554,7.7307713474798145,0.4042752103494473,5.315359061556713,6.197238014123307,-7.471730066107818,0.1000000000000005,5.54,1.2599999999999998,0,0.9999999865865448,1.8400776643469407e-33,0.0,1.3413450263534934e-08,0.0,0.0,0.9999999865865448,2.565571738621452e-07
1997-10-01,2.0859671302149163,8.653836077256006,0.4781437954551215,-3.4477697375220218,-5.462449160601379,53.16455864818184,-0.2000000000000001,5.5,1.0600000000000005,0,0.999999999973852,7.41212082581433e-30,0.0,2.6211242729745023e-11,0.0,0.0,0.999999999973852,6.6279914245875e-10
1997-11-01,1.8903591682419616,8.512624010737335,0.5585192977183295,4.4586855212639165,0.4354932223288976,-21.82958054745743,-0.1000000000000005,5.52,0.7400000000000002,0,0.9999998915743676,3.33992247170226e-32,0.0,1.0842569962807582e-07,0.0,0.0,0.9999998915743676,1.8472683318979406e-06
1997-12-01,1.6970458830924071,8.280957988374027,0.4483188044831943,1.5731597108694428,-1.88685591333424,-12.46810075918453,0.1000000000000005,5.5,0.6499999999999995,0,0.9999999399756252,3.97960847486131e-29,0.0,6.002441597460571e-08,0.0,0.0,0.9999999399756252,1.0581392398941496e-06
1998-01-01,1.6311166875784044,8.58347433946034,0.5504587155963359,1.0150177442407982,3.1209609658724657,-10.5789291599921,-0.1000000000000005,5.56,0.5,0,0.9999999994081463,1.0496667183227324e-30,0.0,5.917658654787662e-10,0.0,0.0,0.9999999994081463,1.3163642427466664e-08
1998-02-01,1.440200375704448,7.476143150007708,0.7915762477806343,7.044919253631243,9.333935985904196,-13.600373403261734,0.0,5.51,0.4800000000000004,0,0.999999999253987,1.986282230395221e-36,0.0,7.459093599190197e-10,0.0,0.0,0.999999999253987,1.642035589127447e-08
1998-03-01,1.3767209011263937,6.835942439493192,0.6140973258630167,4.994571434122053,3.680862778852023,30.56603940428202,0.1000000000000005,5.49,0.6200000000000001,0,0.9999999998599378,2.870582098962427e-38,0.0,1.4013967301765558e-10,0.0,0.0,0.9999999998599378,3.317608125559003e-09
1998-04-01,1.4383989993745905,7.077008185695677,0.6443925688162544,0.9076469253460396,1.782989383285205,-12.551606500263212,-0.4000000000000003,5.45,0.6899999999999995,0,0.9999999998635758,3.2026112399709995e-33,0.0,1.3644081205583027e-10,0.0,0.0,0.9999999998635758,3.2336986855128395e-09
1998-05-01,1.6885553470919357,7.188999827918208,0.6523472420208343,-1.8826223261468435,-4.792312042030533,0.6609980530275283,0.1000000000000005,5.49,0.6500000000000004,0,0.9999999577553362,3.504517307584861e-30,0.0,4.224475516653318e-08,0.0,0.0,0.9999999577553362,7.595495495826839e-07
1998-06-01,1.6229712858926382,6.058575229559682,0.472887011210088,3.943824063504042,6.513685397765912,-7.551597717622938,0.0999999999999996,5.56,0.5199999999999996,0,0.9999999851011125,5.568001644222969e-29,0.0,1.4898936780746423e-08,0.0,0.0,0.9999999851011125,2.8340516824464616e-07
1998-07-01,1.74563591022443,4.755871384932742,0.4730504587155737,-1.161532691738543,-1.179580084926224,25.824456565285917,0.0,5.54,0.5,0,0.999999981061592,1.6485514777663526e-27,0.0,1.8938297424200164e-08,0.0,0.0,0.999999981061592,3.556987209856463e-07
1998-08-01,1.6169154228855789,5.865515150473688,0.5683169258572374,-14.579671825011388,-19.928541154845803,78.54838766739103,0.0,5.55,0.4399999999999995,0,0.9999999237893491,4.9379011317662926e-27,0.0,7.621065400390658e-08,0.0,0.0,0.9999999237893491,1.325283324700481e-06
1998-09-01,1.4267990074441794,4.848836473856544,0.9221384153405898,6.239551504341101,12.97915396500333,-7.5203209307999614,0.0999999999999996,5.51,0.1999999999999993,0,0.9999999940596354,2.3324259728961056e-29,0.0,5.940475690404026e-09,0.0,0.0,0.9999999940596354,1.184597461597938e-07
1998-10-01,1.4860681114551078,4.637794383238925,0.9347983974884456,8.029422856762892,4.578357483173923,-31.50183464112083,-0.0999999999999996,5.07,0.5700000000000003,0,0.9999992406608881,2.5580587369899097e-30,0.0,7.593391060087448e-07,0.0,0.0,0.9999992406608881,1.1459045495408908e-05
1998-11-01,1.4842300556586308,3.741486019967022,0.8959658325983,5.912599628568138,10.05707511845828,-7.27272393463525,-0.0999999999999996,4.83,0.4199999999999999,0,0.9999999948870482,3.64401003436189e-27,0.0,5.112882848889225e-09,0.0,0.0,0.9999999948870482,1.0272356729835708e-07
1998-12-01,1.606922126081578,3.7695732652959,0.660255820373612,5.637528708495609,12.472167663746813,-6.113033981531213,0.0,4.68,0.2600000000000007,0,0.999999999549118,1.7251388451826317e-29,0.0,4.509210435939667e-10,0.0,0.0,0.999999999549118,1.015258172366556e-08
1999-01-01,1.6666666666666607,3.763083805136991,0.5987887098617195,4.100944085374847,14.283823045724777,7.493857158020867,-0.1000000000000005,4.63,0.3799999999999999,0,0.9999999999449756,9.282797426184805e-30,0.0,5.505198456123108e-11,0.0,0.0,0.9999999999449756,1.353512319513585e-09
1999-02-01,1.6666666666666607,4.225398806274816,0.4998068927914323,-3.2282562377591306,-8.693912048031372,6.209520612444197,0.1000000000000005,4.76,0.5599999999999996,0,0.9999998330552129,6.052470279772397e-26,0.0,1.6694474904686316e-07,0.0,0.0,0.9999998330552129,2.772216236950927e-06
1999-03-01,1.728395061728394,4.425125461604007,0.1446752718312849,3.87942154089167,7.5772551420643985,-16.57101531906118,-0.2000000000000001,4.81,0.79,0,0.9999999741821742,2.949700275524118e-23,0.0,2.581781415276426e-08,0.0,0.0,0.9999999741821742,4.769098666300816e-07
1999-04-01,2.281134401972884,4.307254602909483,0.6726710458003105,3.7944027596277454,3.3095071223720574,7.781596939517277,0.0999999999999996,4.74,0.8899999999999997,0,0.9999997705426985,6.413992053160414e-23,0.0,2.294571878787233e-07,0.0,0.0,0.9999997705426985,3.737293363197813e-06
1999-05-01,2.091020910209096,4.27940147673862,0.6278167671920798,-2.4970480796175143,-2.844831600428399,1.276424805423071,-0.0999999999999996,4.74,1.04,0,0.9999997527254741,2.3550273358485484e-20,0.0,2.472746344257279e-07,0.0,0.0,0.9999997527254741,4.0090037053472906e-06
1999-06-01,1.96560196560196,4.826418688874012,0.4946634283295337,5.443833111432483,8.726911579415475,-16.935798898891154,0.0999999999999996,4.76,1.33,0,0.9999996075658462,7.325188253347915e-24,0.0,3.924341136133986e-07,0.0,0.0,0.9999996075658462,6.1811873356055105e-06
1999-07-01,2.1446078431372584,5.839978413843561,0.6097425777698895,-3.2046092391091685,-1.7731942309041626,16.832618356453356,0.0,4.99,1.2400000000000002,0,0.9999999929405021,1.7652032357970987e-23,0.0,7.05945104401185e-09,0.0,0.0,0.9999999929405021,1.3955561836648572e-07
1999-08-01,2.2643818849449104,4.109544569149426,0.3526093088857651,-0.6254091687235008,3.822645065745189,-0.7710983417832717,-0.0999999999999996,5.07,1.2200000000000006,0,0.9999999761500934,7.367301097983786e-25,0.0,2.3849949092625665e-08,0.0,0.0,0.9999999761500934,4.4244990039909927e-07
1999-09-01,2.629969418960254,3.7444563415508494,0.3491742796907893,-2.855179244802464,0.2485923379764942,3.926376501091133,0.0,5.22,1.2400000000000002,0,0.9999996554852854,3.8753452530064455e-23,0.0,3.4451469753225867e-07,0.0,0.0,0.9999996554852854,5.471280340646371e-06
1999-10-01,2.56253813300793,4.29950432876991,0.5120910384068145,6.253954145238461,8.021019408227282,-12.63281819657146,-0.1000000000000005,5.2,1.25,0,0.9999994512799417,4.452748120409422e-26,0.0,5.487201579475511e-07,0.0,0.0,0.9999994512799417,8.458890608538861e-06
1999-11-01,2.620353443022561,4.884601547870515,0.4136819874153596,1.906185896922041,12.46380292098339,8.918916550407175,0.0,5.42,0.96,0,0.9999999996273345,4.883944911826098e-33,0.0,3.727209967970265e-10,0.0,0.0,0.9999999996273345,8.462510835692331e-09
1999-12-01,2.676399026763998,5.216917187508963,0.5897786161885632,5.784389473992291,21.975869436690807,1.9023948662820975,-0.0999999999999996,5.3,1.08,0,0.9999999999915872,3.0957483191621643e-37,0.0,8.301172776586523e-12,0.0,0.0,0.9999999999915872,2.182699468064495e-10
2000-01-01,2.792956891317555,4.620955049951481,0.5820094414864974,-5.090354879190063,-3.1690866284606822,1.2581224877028507,0.0,5.45,1.34,0,0.9999995090055405,9.30808387139709e-29,0.0,4.909943622714935e-07,0.0,0.0,0.9999995090055405,7.623585537632577e-06
2000-02-01,3.217972070431085,4.313335681097841,0.2700327896958843,-2.010808325635693,19.194737142770045,-6.332664831229085,0.0999999999999996,5.73,0.9699999999999998,0,0.9999999973631475,1.8761658016161092e-41,0.0,2.6368475965908964e-09,0.0,0.0,0.9999999973631475,5.472230090399877e-08
2000-03-01,3.762135922330101,4.447293166354416,0.6497531365550424,9.671982835364812,-2.6371735163800203,3.16645162406608,-0.0999999999999996,5.85,0.5699999999999994,3,0.002815715693505108,2.4833126424278976e-37,0.0,0.997184284306514,0.0,0.0,0.997184284306514,0.019347147517483454
2000-04-01,3.013863773357439,4.828026846244748,1.216793017774087,-3.0795755780191336,-15.57394772708538,8.668602653168577,-0.2000000000000001,6.02,0.33,3,1.7001676086473287e-08,2.2498847883809076e-24,0.0,0.9999999829983609,0.0,0.0,0.9999999829983609,3.211588404885986e-07
2000-05-01,3.1325301204819134,4.451469064576807,-0.1867237327962345,-2.1915050603417807,-11.908585849738918,-9.732828512036583,0.2000000000000001,6.27,0.6500000000000004,3,0.004940928255474695,1.5289264430129097e-20,0.0,0.9950590717445881,0.0,0.0,0.9950590717445881,0.031166029111865307
2000-06-01,3.7349397590361377,4.574285752844154,0.3846558066211258,2.393354961587724,16.619087535957135,-17.37843031414963,0.0,6.53,0.4099999999999992,0,0.999966044155492,3.8814629106313405e-23,0.0,3.395584459763647e-05,0.0,0.0,0.999966044155492,0.0003833761722938834
2000-07-01,3.5992801439711952,3.7698485910729,0.3685246450856327,-1.634127590417089,-5.020539314198103,6.141242576080175,0.0,6.54,0.0899999999999998,0,0.9073583809272919,8.252151366040378e-19,0.0,0.09264161907272189,0.0,0.0,0.9073583809272919,0.3086073337021893
2000-08-01,3.3512866546977715,3.073422695016492,0.563274502440847,6.069910494167097,11.663426464123392,-18.80424137690341,0.0999999999999996,6.5,-0.2599999999999998,0,0.7988875557446856,1.7813241607146885e-16,0.0,0.20111244425539182,0.0,0.0,0.7988875557446856,0.5019407368077796
2000-09-01,3.45649582836709,3.968806853188922,0.7364534063563299,-5.3482974719764265,-12.68391876354168,22.14964078645285,-0.1999999999999997,6.52,-0.2000000000000001,3,0.0007785133143109755,7.073190330307574e-18,0.0,0.9992214866855883,0.0,0.0,0.9992214866855883,0.006350905393216655
2000-10-01,3.4503271861986877,2.3142184859096693,0.3191993245330371,-0.4949485421770649,-8.25496974814528,14.87603068225778,0.0,6.51,-0.3700000000000001,3,9.873770829367055e-05,1.4188455335597137e-18,0.0,0.9999012622918112,0.0,0.0,0.9999012622918112,0.0010093950234640475
2000-11-01,3.444180522565321,1.8491278756576968,0.2299133719259494,-8.006861010730892,-22.90162356133211,25.476092558474623,0.0,6.51,-0.4500000000000002,3,9.611220050105136e-08,1.2889681769373152e-24,0.0,0.9999999038877878,0.0,0.0,0.9999999038877878,1.6490670741767461e-06
2000-12-01,3.4360189573459543,0.7397718173229428,0.915495842379066,0.4053445623728668,-4.904285930025609,-9.44350513687915,0.0,6.4,-0.5299999999999994,3,9.181519130533277e-08,3.0379892436163623e-19,0.0,0.9999999081846951,0.0,0.0,0.9999999081846951,1.579539657731253e-06
2001-01-01,3.7212049616065945,0.3976490637767949,1.004606985570189,3.4636576676164488,12.232645700027176,-17.988826275918544,0.3000000000000002,5.98,0.0099999999999997,3,1.025299098334865e-05,8.633595134500275e-19,0.0,0.9999897470091063,0.0,0.0,0.9999897470091063,0.00012803869276206445
2001-02-01,3.529411764705892,-0.5668458865284554,0.765552162031824,-9.229073539585965,-22.39308936381834,28.74659306137417,0.0,5.49,0.2199999999999997,3,2.478469318441168e-09,3.5846302932974126e-23,0.0,0.9999999975216269,0.0,0.0,0.9999999975216269,5.158879107231309e-08
2001-03-01,2.9824561403508643,-1.122295725249156,1.142595066701224,-6.420471080339151,-14.479306313575746,1.0229241773423992,0.0999999999999996,5.31,0.4699999999999997,3,3.9785296054976465e-12,1.5304924283032096e-18,0.0,0.9999999999961346,0.0,0.0,0.9999999999961346,1.0641017695599556e-10
2001-04-01,3.2182562902282053,-2.0602186217959284,1.295295926816764,7.681436165439459,14.99679279037851,-11.033519255430758,0.1000000000000005,4.8,1.2699999999999996,3,6.597555023233798e-13,2.8866577764314373e-16,0.0,0.9999999999993179,0.0,0.0,0.9999999999993179,1.7585447867904717e-11
2001-05-01,3.56308411214954,-2.791181055600911,0.023355845773576,0.5090187401275648,-0.2717083141105969,-11.145997659380749,-0.1000000000000005,4.21,1.7699999999999996,3,2.435881909206723e-07,2.101934571198777e-12,0.0,0.9999997564096089,0.0,0.0,0.9999997564096089,3.9529530939643336e-06
2001-06-01,3.193960511033689,-3.342216371891737,0.8406141153120217,-2.503538942756467,2.3714895147437742,-15.812720937364166,0.2000000000000001,3.97,1.79,3,1.1306512199193876e-13,9.658275444978421e-16,0.0,0.9999999999997726,0.0,0.0,0.9999999999997726,2.365964154646641e-12
2001-07-01,2.7214823393167498,-3.773511714911293,0.5731046060629463,-1.0740149595403703,-6.174846647950883,13.431277256147812,0.0999999999999996,3.77,1.7300000000000004,3,3.491123079605947e-13,1.7439905137428645e-12,0.0,0.9999999999979536,0.0,0.0,0.9999999999979536,5.7016005755019064e-11
2001-08-01,2.7214823393167498,-3.6215277665228585,0.6216423637758872,-6.410840688075748,-10.936641983388318,15.263640652002676,0.3000000000000007,3.65,1.61,3,7.980511867161148e-14,2.7288850640314146e-13,0.0,0.9999999999995453,0.0,0.0,0.9999999999995453,9.127971047169957e-12
2001-09-01,2.5921658986175045,-4.55015745457048,2.126077339638477,-8.172340570563886,-16.98376540550853,28.130016883709217,0.0999999999999996,3.07,2.0900000000000003,3,5.080957388030753e-39,2.813035018426072e-23,0.0,1.0,0.0,0.0,1.0,-1.0000888998045707e-12
2001-10-01,2.127659574468077,-4.440502321905382,-0.2221848802255399,1.8099111333141016,12.770209241279453,5.104920302337157,0.2999999999999998,2.49,2.41,3,5.42950279737477e-22,8.710929588898072e-18,0.0,1.0,0.0,0.0,1.0,-9.9984819377604e-13
2001-11-01,1.894374282433997,-5.044913960783126,0.8139970059880319,7.51759041240454,14.22198626358666,-28.963053703683283,0.2000000000000001,2.09,2.78,3,2.4366819037066626e-25,1.368614682157595e-07,0.0,0.9999998631385645,7.992951145049369e-278,0.0,0.9999998631385645,2.2998586634660713e-06
2001-12-01,1.603665521191311,-4.774776238202749,0.9763341067285491,0.7573834088927756,1.026638047143047,-0.1677890741246579,0.2000000000000001,1.82,3.4,3,3.886756619266346e-33,0.004113862181605201,0.0,0.9958861378183317,5.891794732975278e-195,2.6744831421955192e-276,0.9958861378183317,0.026704450283685753
2002-01-01,1.1958997722095743,-3.682618441383212,0.3584492932115157,-1.5573832456979853,-0.8393147514497934,-11.38655114010566,0.0,1.73,3.39,1,6.198613580785957e-28,0.9878885347162035,0.0,0.012111465283904882,2.0102466601287153e-179,2.736955733736753e-259,0.9878885347162035,0.06549301983175906
2002-02-01,1.1363636363636465,-3.0399744149724905,0.5275111729796889,-2.0766211039727644,-10.472435070521335,2.370791827323182,0.0,1.74,3.1900000000000004,1,2.287648573508028e-27,0.9993404784986197,0.0,0.0006595215013610442,1.6372889122585262e-188,2.873823332620121e-276,0.9993404784986197,0.005489636794458301
2002-03-01,1.362862010221466,-2.137490369440353,0.2077108082501277,3.6738892862074657,6.575838497117159,-19.407135268386654,0.0,1.73,3.49,1,8.340234350125957e-29,0.9999963172121682,0.0,3.682787897332706e-06,6.41508276783175e-182,1.7996245446926182e-262,0.9999963172121682,4.9761233860591604e-05
2002-04-01,1.643990929705219,-1.3053329089064758,0.0272737190443184,-6.141762591921907,-8.514373815042775,25.91954211354621,0.2000000000000001,1.75,3.5,1,1.281981946407864e-33,0.9999972142914123,0.0,2.7857085801892615e-06,1.2423703823215356e-181,6.9316476438746296e-267,0.9999972142914123,3.8417724249206724e-05
2002-05-01,1.2408347433727984,-0.4332885103839889,0.5235126242888022,-0.9081481352177012,-4.294438603671158,-8.808764576069784,-0.1000000000000005,1.75,3.43,1,3.32455968112152e-32,0.9999999957569798,0.0,4.243015789772897e-09,5.893921269643399e-188,4.227579356620439e-276,0.9999999957569798,8.60378428274448e-08
2002-06-01,1.0692177827799745,0.920910919642548,0.455687962243001,-7.24553538081798,-9.439697311737785,27.12712813049094,0.0,1.75,3.2299999999999995,1,2.6613365566338794e-33,0.9999999994404334,0.0,5.596220556998352e-10,4.166087232617575e-180,5.010285300077744e-288,0.9999999994404334,1.2479621193094569e-08
2002-07-01,1.465614430665152,1.5386975548359103,0.7614350260112035,-7.9004275149407555,-9.222869907570242,26.10235929267397,0.0,1.73,2.9700000000000006,1,3.7146557624593954e-33,0.9999999995748112,0.0,4.2512743249218847e-10,2.1109404502994034e-172,3.397884257837304e-284,0.9999999995748112,9.596858452345517e-09
2002-08-01,1.747463359639223,1.5424836015125454,0.7306702872659665,0.4881433306494154,-1.00959406148603,1.904466542614558,-0.0999999999999996,1.74,2.64,1,5.214326858938794e-32,0.9999999998976818,0.0,1.0221636098995978e-10,1.8848893984681475e-183,1.2011586103262122e-288,0.9999999998976818,2.451700983936251e-09
2002-09-01,1.516002245929271,2.146064440525741,0.4327392036889144,-11.002431825242788,-10.859787781382124,21.59926277234061,0.0,1.75,2.24,1,7.362728783434654e-31,0.9999999999902229,0.0,9.767171867403305e-12,1.625701825676743e-176,5.299725175630617e-301,0.9999999999902229,2.554423201364736e-10
2002-10-01,2.027027027027017,2.2135422551443185,0.7840505747938487,8.644880033371404,13.454083709280916,-21.54194893649329,0.0,1.75,2.36,1,1.83711506319881e-31,0.9999999996689439,0.0,3.309456987033576e-10,3.6917663823017285e-186,3.12941036246291e-287,0.9999999996689439,7.5532933675393e-09
2002-11-01,2.2535211267605604,3.411503921791525,0.8883359907486899,5.706962070498589,11.207372009541272,-11.689144062277824,0.2000000000000001,1.34,2.82,1,3.95441407057336e-34,0.999999999729198,0.0,2.7087713704156716e-10,4.209031883261043e-100,4.261831889894227e-190,0.999999999729198,6.236052731817223e-09
2002-12-01,2.480270574971821,2.880394484854265,0.3647099687391408,-6.033257188502883,-9.688392911241271,4.072730324485074,0.0999999999999996,1.24,2.8400000000000003,1,1.4452768257634208e-35,0.9999999996912265,0.0,3.0878290133553127e-10,2.0684863771741947e-88,9.935246055485051e-169,0.9999999996912265,7.068621224693071e-09
2003-01-01,2.757456387169399,3.071140654513904,0.5554594220453346,-2.741469268304464,-1.0932134899160897,8.909850322453195,-0.2000000000000001,1.24,2.88,1,1.066223222821668e-32,0.9999999999868123,0.0,1.3131766155623997e-11,1.6235799886002502e-91,2.0366953741933193e-167,0.9999999999868123,3.4025330305942464e-10
2003-02-01,3.146067415730336,3.181712411242565,0.6143415188174295,-1.700360825687175,1.257465302084526,-4.940650984144779,0.1000000000000005,1.26,2.73,1,3.6739587089422027e-35,0.9999999924089025,0.0,7.591064051342908e-09,4.136220492176301e-89,1.2291770247147945e-175,0.9999999924089025,1.4951386335120006e-07
2003-03-01,3.025210084033625,2.1709435832793167,0.3335157693097113,0.8357567684332823,0.2728949369551703,-1.619978251203913,0.0,1.25,2.68,1,3.1887410967095637e-32,0.9999999990277502,0.0,9.721663315551003e-10,5.354352829458844e-94,3.1810099700981988e-170,0.9999999990277502,2.114415436553052e-08
2003-04-01,2.175125488008911,1.068813892236964,0.6579956701839196,8.10441071800323,9.181536316319526,-27.23842414395872,0.0999999999999996,1.26,2.83,1,5.397772236951958e-35,0.9999999994031441,0.0,5.969304843200022e-10,2.899638781407207e-93,9.245690215905901e-172,0.9999999994031441,1.3273194907055518e-08
2003-05-01,1.8941504178273003,0.636921435240767,1.0516689529035173,5.0898709609522585,8.98716599080931,-8.203676785596759,0.0999999999999996,1.26,2.5,1,1.638508881777778e-36,0.9999999999490683,0.0,5.088375031749202e-11,1.8648893069729405e-87,3.285593076699132e-172,0.9999999999490683,1.254961487650042e-09
2003-06-01,1.948775055679297,-0.0588714540698087,0.6184012066364986,1.1322214676852127,1.684932989487664,0.2568112284158541,0.2000000000000001,1.22,2.41,1,3.512509609270176e-36,0.9999999999897682,0.0,1.0176932205659641e-11,5.971317244496513e-82,3.251987363320814e-141,0.9999999999897682,2.6586525772415897e-10
2003-07-01,2.055555555555544,0.4870038565500056,0.7744965772248147,1.6223701958536507,6.915206268582663,-0.1536920386370988,-0.0999999999999996,1.01,3.08,1,4.056224580429626e-37,0.9999999997667146,0.0,2.33290898044855e-10,5.726832811680847e-58,1.3909712784602303e-116,0.9999999997667146,5.405384544602179e-09
2003-08-01,2.216066481994461,0.3792386962579552,0.9354753404733572,1.7873203593487874,4.347496328082934,-4.412522424068877,-0.1000000000000005,1.03,3.5,1,3.502511507085627e-38,0.9999999954575287,0.0,4.542413173964508e-09,7.797769228337423e-60,1.4499517831169929e-116,0.9999999954575287,9.179935374918815e-08
2003-09-01,2.378318584070782,0.9407289987876988,-0.4421156050433916,-1.1944364585525724,-1.298572752613647,21.95383970387461,0.0,1.01,3.33,1,8.231462948932538e-40,0.9999999987019237,0.0,1.2981181289892122e-09,3.230340463147326e-62,2.7503117100934996e-108,0.9999999987019237,2.7858624494319988e-08
2003-10-01,2.041942604856528,1.2759729528664998,-0.1611842105263217,5.496148663571665,8.129541243391113,-29.13732012304077,-0.0999999999999996,1.01,3.37,1,1.689799472443992e-40,0.9999999998801741,0.0,1.1983644625122569e-10,2.5320232112573485e-63,2.1791947239550013e-112,0.9999999998801741,2.8554809205132702e-09
2003-11-01,1.9283746556473915,1.387033904173962,0.0873117854436555,0.7128504071372888,1.451708116364081,1.3664553300737792,-0.2000000000000001,1.0,3.37,1,6.462595681617619e-39,0.9999999999979536,0.0,2.133064130063492e-12,3.900176331138008e-61,8.678051878360463e-112,0.9999999999979536,5.754914149392328e-11
2003-12-01,2.0352035203520247,1.9841883950955763,-0.0329191013085372,5.076554077889206,2.199197307336642,12.193626276532845,-0.0999999999999996,0.98,3.37,1,4.0880409551710353e-41,0.9999999999374722,0.0,6.25147781003559e-11,1.4279789190931746e-61,1.7115691733582023e-107,0.9999999999374722,1.5293590508912665e-09
2004-01-01,2.026286966046009,1.2763588097255418,0.1284267720424781,1.7276386950755285,3.133715059104203,-9.175315970383702,0.0,1.0,3.2700000000000005,1,5.760666521301086e-41,0.9999999999731699,0.0,2.6768335681289214e-11,6.037966807990666e-59,4.520743801338902e-111,0.9999999999731699,6.764913905427782e-10
2004-02-01,1.688453159041381,1.7663898756903773,0.6478877871507693,1.220897373761054,-1.7583407676992069,-12.507510974136782,-0.1000000000000005,1.01,3.15,1,1.4872386023082656e-39,0.9999999999970441,0.0,3.049306566651075e-12,1.2890601048178169e-59,3.863548007595549e-106,0.9999999999970441,8.194673960528454e-11
2004-03-01,1.7400761283306032,1.626375894029275,0.5816328197755238,-1.635891961786684,-1.753848938720981,15.051543310479442,0.2000000000000001,1.0,2.89,1,1.4530372499231078e-40,0.9999999999990905,0.0,8.932453436962065e-13,3.601274842340074e-52,5.80206091532697e-114,0.9999999999990905,2.4020534978192133e-11
2004-04-01,2.2925764192139875,2.615123170170186,0.6854766661793521,-1.6790751960348185,-3.71423149788972,2.6881766373488825,-0.2000000000000001,1.0,3.41,1,7.539652510890282e-36,0.9999999999765805,0.0,2.3342690506181898e-11,8.643335169054488e-59,2.310281059022304e-104,0.9999999999765805,5.92886610243316e-10
2004-05-01,2.8977583378895444,3.38458309862264,1.2696620150036253,1.208345009735412,3.4679564082828573,-9.831300067206572,0.0,1.0,3.7,1,1.2996521219104443e-38,0.9999997995569375,0.0,2.0044296316870156e-07,1.3834864312807504e-52,2.0361354871500269e-119,0.9999997995569375,3.2918199672005614e-06
2004-06-01,3.1676679410158397,2.447031362551799,0.0334544064232611,1.7988998771432565,3.072875621782956,-7.483869983303936,0.0,1.03,3.4600000000000004,1,1.9376244862368956e-33,0.9999999921578819,0.0,7.842017853752589e-09,1.570741878451804e-64,1.1575689439251252e-148,0.9999999921578819,1.5420173298494074e-07
2004-07-01,2.939575394665228,2.6848554355043186,0.2070294459573629,-3.4290519520026264,-7.834301888897954,6.834027418468835,-0.0999999999999996,1.26,3.17,1,4.395377244013347e-33,0.9999999970589215,0.0,2.9411820817256805e-09,3.6764335015061125e-99,4.02015404645051e-182,0.9999999970589215,6.071699557731836e-08
2004-08-01,2.5474254742547275,2.9784524146032165,0.4036679751442174,0.228735032336913,-2.609995451209557,-0.1958207152009783,-0.0999999999999996,1.43,2.8000000000000003,1,7.230479998571149e-32,0.9999999999454303,0.0,5.4677610687252926e-11,1.090763902939564e-126,3.784695765562842e-216,0.9999999999454303,1.344586993019088e-09
2004-09-01,2.539168017287952,2.448803847620762,0.5476676638650257,0.9363875526838816,3.1956907140293422,-12.753432401113052,0.0,1.61,2.48,1,5.058319888386306e-32,0.9999999998935891,0.0,1.0634638466595848e-10,1.8686001284595587e-155,5.479587210467006e-255,0.9999999998935891,2.546587937107612e-09
2004-10-01,3.1909140075716547,3.1957484615569243,0.4344882955779727,1.4014243690939845,4.120011483428732,21.964020027446374,0.0999999999999996,1.76,2.34,1,1.8384243567950145e-29,0.9999999994549853,0.0,5.450228881246208e-10,1.4154684866789005e-188,8.36791507417095e-284,0.9999999994549853,1.2168459208851277e-08
2004-11-01,3.621621621621607,2.763005391785356,0.413799589335273,3.859493629597055,6.168135988624357,-18.623236640412387,-0.0999999999999996,1.93,2.120000000000001,1,2.9763572476596615e-27,0.9999998580481234,0.0,1.419518126238826e-07,3.994059613726992e-236,7.18691134e-316,0.9999998580481234,2.3802145609002833e-06
2004-12-01,3.3423180592991875,3.551152067738861,0.2809734167928512,3.245821284320516,3.749976422052948,0.3776449516557756,0.0,2.16,2.0400000000000005,1,1.0281639653014403e-25,0.9999999941924216,0.0,5.807596321149274e-09,8.380285059193845e-298,0.0,0.9999999941924216,1.1594141047781122e-07
2005-01-01,2.8448738593666034,3.7656681883018175,0.0871690300888738,-2.529046744229402,-5.19573200553678,-3.5364956236107803,-0.1000000000000005,2.28,1.89,1,5.543110180635959e-25,0.9999999996207407,0.0,3.792620589932204e-10,0.0,0.0,0.9999999996207407,8.604514233179309e-09
2005-02-01,3.0530262453133394,3.892187869790664,0.1213082629589967,1.8903346132113308,-0.5183228292050202,-5.772229241291804,0.1000000000000005,2.5,1.63,1,1.250401956973157e-25,0.999999995318376,0.0,4.6816941325840185e-09,0.0,0.0,0.999999995318376,9.447267202686839e-08
2005-03-01,3.2068412613575736,4.168552298887196,0.1382481320968853,-1.911765556028966,-2.5583408546921094,16.059607171441414,-0.2000000000000001,2.63,1.7599999999999998,1,2.2967702482223924e-22,0.9999999988524451,0.0,1.1474480941318602e-09,0.0,0.0,0.9999999988524451,2.47666067836796e-08
2005-04-01,3.3617929562433257,4.006456472613795,0.2295783824031172,-2.0108582083263493,-3.880491829984345,9.201140654304908,0.0,2.79,1.56,1,5.442526676269477e-22,0.9999999521210168,0.0,4.7879073575007716e-08,0.0,0.0,0.9999999521210168,8.548590077775498e-07
2005-05-01,2.869287991498415,3.3534790649275337,0.2971492246262475,2.995204663120865,7.627296564251007,-13.193993483993935,-0.1000000000000005,3.0,1.2999999999999998,1,3.9590837974618217e-19,0.9999999696783566,0.0,3.03216995363752e-08,0.0,0.0,0.9999999696783566,5.552307798107518e-07
2005-06-01,2.541026998411855,4.634708358906448,0.5030398419899385,-0.0142714179867775,-0.5444299893205717,-9.405568123310305,-0.0999999999999996,3.04,1.0299999999999998,1,3.6957908592395314e-16,0.9999999999408828,0.0,5.91003749278195e-11,0.0,0.0,0.9999999999408828,1.4490550110023217e-09
2005-07-01,3.067160232681121,3.529849334526092,0.4897746115580803,3.596828690361842,6.216461166760912,-3.9036567152652246,0.0,3.26,0.9599999999999996,1,1.1653287843319234e-14,0.9999989362635207,0.0,1.0637363958124419e-06,0.0,0.0,0.9999989362635207,1.569406991107659e-05
2005-08-01,3.646934460887952,3.797594088074363,0.4828039296572939,-1.122210459860007,-1.498514258027428,8.902339790953274,-0.0999999999999996,3.5,0.8199999999999998,1,1.5820279025239377e-09,0.9906162584064605,0.0,0.009383740011444328,0.0,0.0,0.9906162584064605,0.053150196335732314
2005-09-01,4.741833508956805,1.6574450087309731,0.5093740021591353,0.694902431673361,-0.0185933891255984,-5.396827655464453,0.0999999999999996,3.62,0.7800000000000002,3,9.454616712965405e-08,8.364358922697067e-08,0.0,0.9999998218102223,0.0,0.0,0.9999998218102223,3.0705078270199982e-06
2005-10-01,4.350104821802936,2.0209103457029087,0.5113309733442373,-1.7740779932313488,-1.458848320758055,28.52348655007202,0.0,3.78,0.75,3,0.024156890060358774,7.737407270729416e-09,0.0,0.9758431022023277,0.0,0.0,0.9758431022023277,0.11380347227752424
2005-11-01,3.338549817423053,2.9120723180627417,0.2498494882600788,3.5186096519093324,5.306797007029229,-21.279369061011767,0.0,4.0,0.6600000000000001,0,0.9607605026761461,1.0612815766670431e-07,0.0,0.03923939119573293,0.0,0.0,0.9607605026761461,0.16552111907342953
2005-12-01,3.338549817423053,2.62590737571502,0.402366153199396,-0.0952349317196454,-1.2316263361161206,0.0829127268624052,-0.0999999999999996,4.16,0.5799999999999996,0,0.9992128739698861,2.8159388390295718e-08,0.0,0.0007870978707877231,0.0,0.0,0.9992128739698861,0.006412818534807967
2006-01-01,4.018789144050117,2.4194801632455576,0.6130932798995126,2.5466771341108085,4.5571616311806284,7.29080477788473,-0.2000000000000001,4.29,0.1799999999999997,0,0.998203324561656,1.4043406590169186e-11,0.0,0.0017966754243300823,0.0,0.0,0.998203324561656,0.013153314592507898
2006-02-01,3.63825363825363,1.7242361205308532,0.3671006479995409,0.045315772835619,-1.059500527230317,-4.710422128661495,0.0999999999999996,4.49,0.1400000000000005,0,0.9998985355997615,1.105221322254757e-14,0.0,0.00010146440023963256,0.0,0.0,0.9998985355997615,0.0010345058420823537
2006-03-01,3.4179181771103018,2.091541760329152,0.2043505945417578,1.1095810408889628,2.5598494441640085,-7.698539688153138,-0.0999999999999996,4.59,0.2099999999999999,0,0.9999894147016218,2.549533941177431e-14,0.0,1.0585298457236292e-05,0.0,0.0,0.9999894147016218,0.00013185089077987614
2006-04-01,3.613835828600931,2.181614266263288,0.5822459324062779,1.215565291784415,-0.7359622195000304,1.7559245235877707,0.0,4.79,0.3900000000000005,0,0.9997868827316697,7.103323089971572e-16,0.0,0.00021311726821940743,0.0,0.0,0.9997868827316697,0.0020147171834443084
2006-05-01,3.977272727272729,2.1156664964513183,0.1381073417275224,-3.0916916538203165,-6.186688940169427,41.8464220674474,-0.1000000000000005,4.94,0.3900000000000005,0,0.9994633619901709,3.559820382917351e-14,0.0,0.0005366380096932571,0.0,0.0,0.9994633619901709,0.004577478443491114
2006-06-01,4.1817243159525175,1.980338625144462,0.561937878721186,0.008659650459597,-0.3116185970339358,-20.437959253047943,0.0,4.99,0.3200000000000003,0,0.9926632350778464,1.7479723540315966e-15,0.0,0.007336764922163462,0.0,0.0,0.9926632350778464,0.0433689372851726
2006-07-01,4.104669061056954,2.251836527383766,0.6142398599358057,0.5085878803453348,-3.711637820040525,14.296635294086755,0.1000000000000005,5.24,0.1399999999999996,0,0.9936455758805564,8.059269853691125e-17,0.0,0.006354424119539025,0.0,0.0,0.9936455758805564,0.03847870711349591
2006-08-01,3.926568077511483,2.3669704568583194,0.4393787793100401,2.127419311502643,4.4122091442628575,-17.658859018930016,0.0,5.25,-0.08,0,0.9993799087274393,1.9747211479767158e-19,0.0,0.0006200912725584897,0.0,0.0,0.9993799087274393,0.0051996722845418265
2006-09-01,2.012072434607637,4.215927513496776,0.3811503811503858,2.456629796778232,3.419802250286197,-2.680754395869034,-0.2000000000000001,5.25,-0.0899999999999998,0,0.9999999883461896,2.4848522606112392e-21,0.0,1.1653889161723151e-08,0.0,0.0,0.9999999883461896,2.245406976002835e-07
2006-10-01,1.4063284781516971,2.8481025781383007,0.7090668507651721,3.1508003585395628,4.794482564186331,-7.3455692353251,-0.0999999999999996,5.25,-0.1899999999999995,0,0.9999999926828878,3.731831361992173e-26,0.0,7.317203942503779e-09,0.0,0.0,0.9999999926828878,1.4438856858035606e-07
2006-11-01,1.9687026754164672,1.6621660136106442,0.5027063309578583,1.6466656343095964,2.748966272486486,-1.7117164642156624,0.0999999999999996,5.25,-0.3400000000000007,0,0.999999892608463,1.3588417094556725e-23,0.0,1.0739154480285215e-07,0.0,0.0,0.999999892608463,1.8306784953944117e-06
2006-12-01,2.5239777889954462,2.1707334984272686,0.5968198030494642,1.2615782814670462,-0.677694861618805,5.9578421750278165,-0.0999999999999996,5.24,-0.29,0,0.999999388998008,6.822723816116836e-22,0.0,6.110020290879543e-07,0.0,0.0,0.999999388998008,9.353317993124781e-06
2007-01-01,2.075765178123423,1.6646656462990128,0.5127625612701747,1.4059043023177953,2.0138323676027303,-9.861594307455537,0.1999999999999993,5.25,-0.2200000000000006,0,0.9999989716523773,5.559865593535236e-23,0.0,1.028347698518334e-06,0.0,0.0,0.9999989716523773,1.5206747829358758e-05
2007-02-01,2.420260782347028,2.5793632616832207,0.2290741469447299,-2.1846175991944383,-1.939179709751748,47.98464456229004,-0.0999999999999996,5.26,-0.3100000000000005,0,0.9999999843344086,7.612863798814268e-21,0.0,1.5665477741198015e-08,0.0,0.0,0.9999999843344086,2.9720052468459684e-07
2007-03-01,2.798197295943927,2.530803511580016,0.4599054950293668,0.9979982939206432,0.2272205970767604,-5.058364002023119,-0.0999999999999996,5.26,-0.3800000000000008,0,0.9999990548246761,6.5526141382279284e-21,0.0,9.451753250644173e-07,0.0,0.0,0.9999990548246761,1.4056546118825435e-05
2007-04-01,2.5929247633283525,2.9076019270608766,1.049590352701446,4.3290690426759815,4.271906637710909,-2.8688529128724105,0.0999999999999996,5.25,-0.1799999999999997,0,0.9999886396023624,1.5959202706709213e-20,0.0,1.1360397604371656e-05,0.0,0.0,0.9999886396023624,0.00014070274234984404
2007-05-01,2.709885742672613,2.9798485426711263,0.2375723421594422,3.254922870736165,3.1456276360808166,-8.22784848328565,-0.0999999999999996,5.25,0.0199999999999995,0,0.9999983101070665,2.7412847899395374e-19,0.0,1.6898929038910057e-06,0.0,0.0,0.9999983101070665,2.4149994836370708e-05
2007-06-01,2.692765113974227,2.7140344521729087,0.4616168993123892,-1.781632254788501,-0.0495307792923838,24.36781076646401,0.1999999999999993,5.25,0.4899999999999993,0,0.999998199317845,5.490576854803159e-22,0.0,1.8006822199454503e-06,0.0,0.0,0.999998199317845,2.5618923409215297e-05
2007-07-01,2.317890586495808,2.6434417747193573,0.4279483170109399,-3.198187836198829,-2.188049514059587,44.91682761022959,0.1000000000000005,5.26,0.1799999999999997,0,0.9999999214073827,1.68127097042815e-19,0.0,7.859261977663466e-08,0.0,0.0,0.9999999214073827,1.3642863410402672e-06
2007-08-01,1.897448478900876,2.3917510021752357,1.0270698462126804,1.2863572018857905,1.967194661461957,-0.5952435980963511,-0.1000000000000005,5.02,0.4699999999999997,0,0.9999654081674182,1.0593125574816288e-19,0.0,3.459183257351639e-05,0.0,0.0,0.9999654081674182,0.00038991483364369275
2007-09-01,2.8338264299802685,2.7901202497425004,0.2271191023387908,3.579400817860079,4.049511170564335,-23.01111785236778,0.1000000000000005,4.94,0.6299999999999994,0,0.9999409793818932,1.3759053211837648e-14,0.0,5.9020618067845047e-05,0.0,0.0,0.9999409793818932,0.0006337394449856577
2007-10-01,3.610698365527476,2.6179282370540014,0.2050230650948226,1.4822338223554832,5.834540706551916,2.944448259141708,0.0,4.76,0.6300000000000003,0,0.9981703881642898,9.533358777335751e-13,0.0,0.0018296118347578697,0.0,0.0,0.9981703881642898,0.013361172387200165
2007-11-01,4.373267326732666,3.2087670061424323,0.3365190469780676,-4.404341737941575,-6.930809064605825,23.421478638776904,0.0,4.49,0.8800000000000003,3,0.4801134452062946,9.5656992608481e-12,0.0,0.519886554784234,0.0,0.0,0.519886554784234,0.6923560220137566
2007-12-01,4.108813392417532,2.2029778334589523,0.3850281727931337,-0.8628508561297932,-0.3261954996709892,-1.6178435752335574,0.2999999999999998,4.24,1.0999999999999996,3,0.09883477244068797,1.9503739335965748e-10,0.0,0.9011652273643778,0.0,0.0,0.9011652273643778,0.32251514200978126
2008-01-01,4.294695655165981,2.4141930753466267,0.4129525438678616,-6.116343227776988,-9.894125770142304,16.444447835286468,0.0,3.94,0.9900000000000002,3,0.0020390583233626113,1.0365592201386165e-09,0.0,0.9979609406401545,0.0,0.0,0.9979609406401545,0.014669511621326103
2008-02-01,4.142959270611968,1.0602796518591306,1.1539075809199328,-3.476119273728817,-4.953433323795286,1.29771046827154,-0.0999999999999996,2.98,1.62,3,6.439946879388838e-12,1.0996461209466647e-09,0.0,0.9999999988938271,0.0,0.0,0.9999999988938271,2.395299686304795e-08
2008-03-01,3.9749035501344334,0.5734255066876637,0.8499664486928182,-0.5959623397817415,0.3354692646653889,-3.504145716256113,0.1999999999999993,2.61,2.25,3,3.4858724556409567e-12,7.506817960333476e-09,0.0,0.9999999924896201,0.0,0.0,0.9999999924896201,1.4803291902874765e-07
2008-04-01,3.903760975988813,-0.7427676334748168,0.6066615350493798,4.75466976412291,5.8663483586950615,-18.820771495319576,-0.0999999999999996,2.28,2.39,3,7.496733054024301e-12,1.7912180536713678e-07,0.0,0.9999998208707145,0.0,0.0,0.9999998208707145,2.962011403601792e-06
2008-05-01,4.088413823123993,-1.4383086308347726,0.2191560546723092,1.067418170406853,4.553210421833676,-14.2376183812987,0.4000000000000003,1.98,2.15,3,5.701965866246454e-15,5.658399412026163e-14,0.0,1.0,3.422501525491952e-241,0.0,1.0,7.177889121034276e-13
2008-06-01,4.935966105947864,-1.724935725071297,0.2458496693968914,-8.596238482631446,-9.104672831169436,34.32417759630211,0.1999999999999993,2.0,2.2399999999999998,3,5.666693822575805e-16,2.681490330968445e-19,0.0,1.0,1.962936667358993e-256,0.0,1.0,-9.844241587066482e-13
2008-07-01,5.497512078341837,-1.958547102703712,0.6144076000671239,-0.985937118530278,1.4204253258555122,-4.217119819239102,0.2000000000000001,2.01,2.38,3,2.3414879557437965e-18,4.7221699562815954e-23,0.0,1.0,5.291770145558741e-265,0.0,1.0,-1.000024201579392e-12
2008-08-01,5.308017162091239,-3.6832804845724265,0.1783217231779765,1.2190464669121548,1.8047330662384289,-9.982566966934082,0.2999999999999998,2.0,2.17,3,1.4072820482357308e-16,4.020953481155204e-26,0.0,1.0,6.239340390944786e-271,0.0,1.0,-9.962004563846774e-13
2008-09-01,4.953319875136075,-8.130031129578574,0.8298330089130168,-9.079143354379216,-11.642568360343777,90.75060589493576,0.0,1.81,2.56,3,5.69698977241774e-32,4.77218754421294e-30,0.0,1.0,5.527373056966194e-222,1.0406311635378985e-192,1.0,-1.0000889005818408e-12
2008-10-01,3.7310578899565128,-6.954317961916079,1.3043588701483475,-16.942452401777075,-17.7318943926128,52.04366671147329,0.4000000000000003,0.97,3.14,3,1.4665731148803627e-49,2.0277121945453973e-33,0.0,1.0,4.4308017081008515e-77,5.258279714792583e-32,1.0,-1.000088900581841e-12
2008-11-01,1.0999174706166848,-8.669827230747885,0.6456627759738209,-7.484904233870971,-10.771957938496625,-7.697446413980701,0.2999999999999998,0.39,3.34,5,1.4700186722657394e-69,2.4978228449241954e-32,0.0,5.811691341297688e-06,2.414112587379019e-55,0.9999941883086817,0.9999941883086817,7.587532476028111e-05
2008-12-01,-0.022228002553859,-11.276192783181926,2.182416104038465,0.7821576633499472,2.699980102372224,-27.641098257439637,0.5,0.16,2.39,5,4.996917723733926e-99,2.3348716225595343e-41,0.0,4.7640568104872516e-26,9.101658309719414e-28,1.0,1.0,-1.0000889005804994e-12
2009-01-01,-0.1135860190221271,-13.374567704176645,0.989881750579058,-8.565734305805428,-6.379712718369723,12.100000381469725,0.5,0.15,2.39,5,6.89875104162222e-111,5.840114745605882e-44,0.0,9.09518954732372e-28,5.993691314774711e-24,1.0,1.0,-1.0000889004162041e-12
2009-02-01,0.0084631406715107,-13.56273037730328,0.3681707346514962,-10.993119762019942,-6.676966932904326,3.3675252372764586,0.5000000000000009,0.22,2.5700000000000003,5,5.476303266799038e-118,1.3046092319100397e-55,0.0,5.993691314773348e-24,6.590934152519112e-31,1.0,1.0,-1.0000889004162292e-12
2009-03-01,-0.4464787676623838,-14.656035046526473,0.7913695022069289,8.540446199532292,10.941038418075587,-4.768067221634476,0.3999999999999986,0.18,2.61,5,3.063673058516399e-119,4.16443236838371e-47,0.0,6.59093254080718e-31,4.196185818901626e-29,1.0,1.0,-1.0000889005818398e-12
2009-04-01,-0.5763244243767063,-14.81395936696125,0.1157448839568031,9.392507914826332,12.345369734684986,-17.308562517651836,0.3000000000000007,0.15,2.77,5,3.943915118662458e-130,1.0765468853291249e-48,0.0,4.196185741138482e-29,1.181705875908702e-29,1.0,1.0,-1.0000889005818396e-12
2009-05-01,-1.015761495855172,-15.160361194166793,0.7473004219207935,5.308144638516654,3.320905235254568,-20.76712307864672,0.4000000000000003,0.18,3.11,5,7.028585647825857e-136,3.91101579306221e-43,0.0,1.1740861679522056e-29,2.821312906749803e-25,1.0,1.0,-1.0000889005740452e-12
2009-06-01,-1.2291746182109151,-15.282480369076357,0.1183025943758853,0.0195827265609738,3.421577976556533,-8.886582600429783,0.0999999999999996,0.21,3.54,5,7.69046128380813e-148,8.643631033078843e-42,0.0,1.3481051938618684e-27,2.026848067052062e-17,1.0,1.0,-9.99528862175216e-13
2009-07-01,-1.958761003762277,-14.018720654921957,0.0519916340734116,7.414172714778422,7.817810940560843,-1.6318796924123524,0.0,0.16,3.38,5,1.6588117752486108e-141,2.1450198982928927e-32,0.0,5.445954970961922e-31,1.4272045238596177e-11,0.9999999999856755,0.9999999999856755,3.68769808486402e-10
2009-08-01,-1.4838355663267633,-11.689299172061052,-0.0129911542049887,3.356018886854417,1.544607459881231,0.3472228098880592,0.0999999999999996,0.16,3.42,5,1.9040931772655037e-127,1.552221387682638e-22,0.0,5.308097980739065e-28,1.1017501141493032e-05,0.9999889824989466,0.9999889824989466,0.00013679351274155968
2009-09-01,-1.377942862886472,-6.805879122929537,-0.0413408613073151,3.572334572311964,5.642432778271278,-1.537868569820755,0.200000000000001,0.15,3.28,5,4.0011482128066723e-101,4.777023324744948e-18,0.0,5.093080398895533e-25,0.16515267722234353,0.8348473227776525,0.8348473227776525,0.44811626497820967
2009-10-01,-0.2239682942003384,-7.474512230012276,0.3131388327602291,-1.9762000526814203,-3.642537262613888,19.836000791240597,0.1999999999999993,0.12,3.3200000000000003,5,2.1858486718848463e-86,1.809005802831223e-07,0.0,3.518750675098479e-19,0.23321799407950705,0.7667818250198487,0.7667818250198487,0.5431384798093419
2009-11-01,1.9145871744709275,-5.83001235670767,0.3380766149931657,5.736406145372763,4.864780526098933,-20.136853038883608,-0.0999999999999996,0.12,3.35,4,3.551868137808897e-56,1.9024544272431273e-07,0.0,5.346775559205986e-16,0.9999998097546449,1.1474908496408421e-14,0.9999998097546449,3.134282533832319e-06
2009-12-01,2.8141231232083674,-2.704223119324234,-0.0857018748752547,1.777057091933831,5.807600439056948,-11.546307210439243,0.0,0.12,3.54,4,2.844899577301823e-50,7.120933282887644e-08,0.0,8.767138840765782e-11,0.9999999287028939,1.6054386416327863e-41,0.9999999287028939,1.2452620559602017e-06
2010-01-01,2.621111388976716,0.87230439200634,-0.4406269828214237,-3.6974245692262153,-5.367640302727283,13.56088788133336,-0.0999999999999996,0.11,3.67,4,2.845545016353925e-51,1.9983018180050623e-06,0.0,4.9647277044709386e-14,0.9999980016982093,1.1522949257691984e-29,0.9999980016982093,2.8222439217947347e-05
2010-02-01,2.151336357866529,1.8708182344855608,0.5936434126824874,2.8513689046546054,4.233585953617891,-20.796103430973,0.0,0.13,3.58,4,1.0684801892394461e-55,7.371459978733009e-05,0.0,1.1007824689268513e-16,0.9999262854002455,3.4355792350106145e-37,0.9999262854002455,0.0007751291257472292
2010-03-01,2.2861714393279886,4.200672107537207,-0.0516225919234059,5.879642554549736,7.135004444304838,-9.794871012369788,0.0999999999999996,0.16,3.58,4,1.798898188465235e-67,4.425076123219354e-06,0.0,1.0007373521880291e-19,0.9999955749238006,3.3201293221527246e-37,0.9999955749238006,5.89783899869874e-05
2010-04-01,2.2067707525304403,5.428210355806296,0.4143678835544007,1.4759230482012995,2.63682386273163,25.355310095415145,0.0,0.2,3.69,4,3.38024469053825e-77,3.730137572010406e-07,0.0,2.6812275002181897e-26,0.9999996269862791,9.517772491284065e-39,0.9999996269862791,5.894230930353759e-06
2010-05-01,2.003548929218568,7.942609605426321,0.674514571618956,-8.197584207319053,-8.294764207719163,45.44218051909294,-0.3000000000000007,0.2,3.26,4,9.143483795762385e-85,1.3417572032731446e-11,0.0,1.0359030655152473e-35,0.999999999986585,5.234078816584036e-34,0.999999999986585,3.473521953304704e-10
2010-06-01,1.1215605940686268,8.551328146848402,0.2206223873664647,-5.388244223983851,-6.548401723946206,7.701905968841527,-0.1999999999999993,0.18,3.08,4,7.648146397740496e-91,7.853117056358939e-14,0.0,9.032851795271168e-39,1.0,1.0957981162430028e-38,1.0,1.1638705680979342e-12
2010-07-01,1.3407784804821077,7.747013804699288,0.1309234155949301,6.8777849574635175,6.896321026102714,-31.962943320491775,0.0,0.18,2.85,4,2.1640679512164093e-99,8.072639733937303e-13,0.0,2.5427576191922174e-36,0.9999999999990905,1.4900143208171682e-44,0.9999999999990905,2.1737183506617594e-11
2010-08-01,1.1501775395112546,6.968742858593813,0.5577219027342428,-4.744918363260475,-6.238964160259419,10.851060583236372,0.0999999999999996,0.19,2.54,4,7.1709004420030315e-93,4.33366306012143e-12,0.0,4.191553791916016e-39,0.9999999999956799,1.3085237041571367e-36,0.9999999999956799,1.1580893972986549e-10
2010-09-01,1.1183122472331777,6.346682104150392,0.3348483976756355,8.755110305113556,12.042879446480791,-9.021107650467108,0.0,0.19,2.5,4,2.526640700595797e-93,2.9021493854634455e-12,0.0,1.2807829354330852e-36,0.9999999999970441,5.752187943697509e-42,0.9999999999970441,7.81938745815055e-11
2010-10-01,1.1666951489314623,5.760258506490601,0.5757144823156812,3.685599403554063,5.859521073673646,-10.548522867177878,-0.0999999999999996,0.19,2.41,4,1.8605408564421893e-93,6.095117540144276e-11,0.0,6.85446690220345e-35,0.9999999999390639,1.2529753590551356e-40,0.9999999999390639,1.492573707453591e-09
2010-11-01,1.084544776600338,5.39500875348351,0.2337567561403908,-0.2290249746576655,-0.366112122166029,11.037736171587964,0.4000000000000003,0.19,2.62,4,6.506135993182954e-90,6.600035307042926e-12,0.0,2.1594444392870494e-38,0.9999999999934062,6.843791646146636e-35,0.9999999999934062,1.7457369294281114e-10
2010-12-01,1.437793022217937,5.996200467756596,0.3606247795866046,6.530004034715509,6.189988028633553,-24.596434538403823,-0.5,0.18,3.15,4,8.985561176417054e-79,1.246169817008601e-12,0.0,2.2517785057766208e-30,0.9999999999988631,2.1215409395883526e-45,0.9999999999988631,3.3561401434540593e-11
2011-01-01,1.7007834915029774,4.632504538708293,0.2550442076626691,2.2645574359139164,1.7795805618840754,10.0281728825099,-0.200000000000001,0.17,3.24,4,4.1919692194355813e-70,2.8780418013867062e-08,0.0,1.1679979240840627e-24,0.9999999712194954,9.311762474851347e-40,0.9999999712194954,5.285093246732867e-07
2011-02-01,2.124898173333145,3.827364378514675,0.7394425914410085,3.195656372809341,3.0439816238089,-6.041988037320745,-0.0999999999999996,0.16,3.45,4,3.12507544685841e-64,1.464304959572889e-06,0.0,9.290458665073416e-20,0.9999985356950482,2.8106409263392232e-42,0.9999985356950482,2.113596485897743e-05
2011-03-01,2.619241510354109,4.193025357503588,0.6487165961458707,-0.1047312939166489,-0.0431284944829801,-3.3242539382590697,0.0,0.14,3.31,4,6.016979868821859e-59,2.1455301131805767e-06,0.0,1.9483831738723277e-19,0.9999978544699667,7.708020438649607e-40,0.9999978544699667,3.0149250593885654e-05
2011-04-01,3.0772344447868694,3.505332834432129,0.7348595515014988,2.8495380666536008,3.3249780994434097,-16.85456487990531,0.0999999999999996,0.1,3.4,4,6.319793461565762e-59,9.114737786462775e-07,0.0,1.1301183783537335e-17,0.9999990885261985,9.245083993448875e-48,0.9999990885261985,1.3588433738645992e-05
2011-05-01,3.4589718808965,2.248891889831528,0.83908962097059,-1.350095289522324,-1.3307623946263505,4.745761418746697,-0.0999999999999996,0.09,3.13,4,6.660869388779869e-61,6.925521565576393e-08,0.0,1.1289265374641002e-17,0.9999999307447094,8.56574594570772e-44,0.9999999307447094,1.2109578870327496e-06
2011-06-01,3.502318150636041,2.3688810428642126,0.8211298219421792,-1.8257461652479323,-2.1789591307068035,6.925570625941835,0.0999999999999996,0.09,2.96,4,1.5609600601743893e-65,1.632502666939342e-08,0.0,1.697060316807946e-22,0.999999983675025,3.141021497007963e-39,0.999999983675025,3.090399517270352e-07
2011-07-01,3.5798809769996165,2.484132372991299,1.7715206550379836,-2.147442530666621,-0.617992175937021,52.84503208432789,-0.0999999999999996,0.07,2.96,4,7.816865237438123e-73,3.7550103530697255e-13,0.0,3.5768208495148254e-27,0.9999999999995453,4.1529556707483564e-45,0.9999999999995453,9.710418976550888e-12
2011-08-01,3.75499603070808,2.7992943499441703,1.985685093453449,-5.679110795232889,-6.4185609167368485,25.227726095973857,0.0,0.1,2.28,4,1.1413671725535455e-76,1.9293487049411054e-16,0.0,2.436395267383144e-22,1.0,1.0091135755767192e-32,1.0,-9.947579435894843e-13
2011-09-01,3.812621692818685,2.412383799676609,0.2182008916863376,-7.176198808089652,-6.360248310817851,35.86337110772255,0.0,0.08,1.97,4,7.717033895990214e-67,3.5445733109683613e-09,0.0,5.1637817976124124e-21,0.9999999964554718,2.48430463137757e-32,0.9999999964554718,7.251229726270404e-08
2011-10-01,3.5222681306640524,3.4162150732061747,0.3443836161326707,10.772303843744147,11.137286604367036,-30.26070827990004,-0.1999999999999993,0.07,2.13,4,5.031164457993607e-67,1.1217858851592259e-08,0.0,1.148129810047299e-23,0.999999988782065,1.729937730002127e-38,0.999999988782065,2.165673532870436e-07
2011-11-01,3.451432214581729,3.317419578768788,0.556007594250052,-0.5058715107011391,-2.38673773069199,-7.209612528097741,-0.200000000000001,0.08,2.0,4,4.1503515232797966e-68,4.0962591602108935e-09,0.0,1.2581708331461722e-23,0.9999999959036359,4.6569797133339686e-33,0.9999999959036359,8.320620260333708e-08
2011-12-01,3.062066838419386,2.859134467066693,0.4564552103324848,0.8532763666636134,-0.5797028262504278,-15.827337191666423,-0.0999999999999996,0.07,1.97,4,2.7099220839923697e-69,7.904836707093733e-08,0.0,1.6663591671746527e-23,0.9999999209517259,6.726720190587023e-32,0.9999999209517259,1.3717404962270962e-06
2012-01-01,3.0087663379855023,3.691001632410296,0.7208137553570415,4.358306270498535,8.010678593163668,-16.923073286448986,-0.1999999999999993,0.08,1.94,4,2.009818536913431e-73,1.0141618051547925e-06,0.0,5.841983691404372e-25,0.9999989858382063,1.046614151485816e-37,0.9999989858382063,1.501106079254904e-05
2012-02-01,2.898178442347388,4.439148449901298,0.5434058216193582,4.058946376811723,5.439179196648403,-5.195474285673917,0.0,0.1,1.88,4,1.4467802622471179e-74,1.6634798650940377e-07,0.0,1.212865395811575e-26,0.9999998336520687,1.7657115240438047e-33,0.9999998336520687,2.7629022367316183e-06
2012-03-01,2.5828752813320977,2.8286925428470555,0.4384936214474333,3.133231453144192,4.20238634716934,-15.897993796304688,-0.1000000000000014,0.13,2.09,4,2.6287803499201916e-76,1.7834174830615864e-06,0.0,4.481868376064072e-25,0.9999982165825245,4.848356075597338e-35,0.9999982165825245,2.539047383520176e-05
2012-04-01,2.2731633741348567,3.9040297563633697,0.5655224229133005,-0.7497452372495994,-1.4623624869512295,10.645158829227563,0.0,0.14,1.97,4,4.838734164155768e-82,2.6288558014404854e-07,0.0,1.4437274439605848e-28,0.9999997371144563,7.203708925617659e-28,0.9999997371144563,4.246006720723401e-06
2012-05-01,1.7379429374660749,4.0185114178595605,0.4734982332155413,-6.265072571454367,-7.189564326215059,40.29154519598925,0.0,0.16,1.71,4,5.4674002095412316e-86,1.117403095447892e-07,0.0,5.891924354823041e-35,0.9999998882597145,1.3076885255822697e-28,0.9999998882597145,1.900375283341336e-06
2012-06-01,1.653870448297634,3.7105509068513065,0.7214702720083732,3.955498222833631,3.8095863104271377,-29.010805058897517,0.0,0.16,1.53,4,1.0663348615112263e-91,3.796780548488424e-08,0.0,4.900986622427439e-34,0.9999999620322348,3.223653336551449e-34,0.9999999620322348,6.86703707903602e-07
2012-07-01,1.4175114798464783,3.418677881567289,0.5217634206929445,1.259757420478791,0.1522962344342238,10.831384014832658,0.0,0.16,1.43,4,2.58972324326914e-88,9.870300411951665e-08,0.0,4.447850518609155e-36,0.9999999012970924,4.678753508528726e-34,0.9999999012970924,1.6908939125041251e-06
2012-08-01,1.6859349154821237,2.285596731143258,0.7125843588725589,1.9763369506085704,4.335399676120333,-7.712630577306967,-0.0999999999999996,0.13,1.5799999999999998,4,5.0987704147389315e-87,2.7965450829278713e-06,0.0,3.606544405993152e-32,0.9999972034548131,3.746113073949422e-38,0.9999972034548131,3.8556313061847064e-05
2012-09-01,1.9497168982819613,2.2951570495009843,0.7942608250063987,2.423615361777532,1.6064774290757144,-9.959930392144123,-0.2999999999999998,0.14,1.61,4,3.107481150456099e-80,1.0816177576655942e-07,0.0,2.8583728297212475e-30,0.9999998918381211,2.1437078335570146e-32,0.9999998918381211,1.8430355809138815e-06
2012-10-01,2.1556780595369363,1.9430024786973863,0.6452622110985073,-1.9789409716293949,-4.460518025665461,18.24539683886965,0.0,0.16,1.65,4,1.7648862517211845e-81,3.0384021720240937e-06,0.0,2.2612723481443697e-28,0.9999969615979128,1.722159344040347e-30,0.9999969615979128,4.163879987633088e-05
2012-11-01,1.7960197033926262,2.3257536633332743,0.6916381722101406,0.2846716685042771,1.1087490715254722,-14.677421720003892,-0.0999999999999996,0.16,1.5599999999999998,4,2.2604643163269794e-80,1.7230611440460317e-06,0.0,8.22683815067639e-31,0.9999982769387609,7.015788444823867e-30,0.9999982769387609,2.4590505402833977e-05
2012-12-01,1.7595049796895523,2.0268355938483085,1.155745928841556,0.7068230956284616,0.3079495176903979,13.547577742334994,0.2000000000000001,0.16,1.65,4,5.633571379052563e-82,1.353158128371908e-08,0.0,8.58364443883533e-32,0.9999999864683105,8.276998563658517e-31,0.9999999864683105,2.5869812042118715e-07
2013-01-01,1.684061762098299,1.446790423782485,0.1611764930284032,5.0428096466868855,4.060919574709176,-20.75472047605389,0.0999999999999996,0.14,1.84,4,5.289494340201439e-81,5.020487050530486e-06,0.0,4.876525910171125e-28,0.9999949795129458,1.92386309114288e-32,0.9999949795129458,6.628037314102543e-05
2013-02-01,2.0181404902574807,1.594553877637073,0.1970996829266047,1.1060648765041536,0.5747712305763875,8.613449011982045,-0.2999999999999998,0.15,1.88,4,3.5870841994494436e-78,1.7389675843277657e-06,0.0,3.065055717632274e-28,0.9999982610324082,5.762465588933342e-29,0.9999982610324082,2.4801532953049804e-05
2013-03-01,1.5187472411246183,2.534732272069462,0.5293167347714567,3.5987723982872977,3.3963173136751124,-18.11734608735902,-0.2000000000000001,0.14,1.87,4,1.2683219618977314e-80,3.1315589557243304e-07,0.0,3.010414295468482e-30,0.9999996868441976,5.999263527917326e-30,0.9999996868441976,5.003153285081406e-06
2013-04-01,1.138808047576867,1.7145631127746477,0.2854793122028187,1.8085767779890016,1.8751230035321864,6.456698116643378,0.0999999999999996,0.15,1.7,4,2.3307192339433867e-82,9.500819776435835e-07,0.0,4.525461941011704e-33,0.9999990499179569,2.64002986598833e-30,0.9999990499179569,1.4124598038301759e-05
2013-05-01,1.3903888279197083,1.5594777439077443,0.3544194025770775,2.0762811683057825,3.818801172653008,20.56212045244792,-0.0999999999999996,0.11,1.89,4,9.774658703235588e-80,1.0395649080283349e-06,0.0,3.4038661094635304e-30,0.9999989604351359,1.226077260015109e-33,0.9999989604351359,1.5361344810194836e-05
2013-06-01,1.7157935271568725,1.7645800035426706,0.5551120086413341,-1.4999301595580827,-1.5237640288265797,3.43559140799079,0.0,0.09,2.25,4,1.801553516514588e-74,6.118627914639802e-06,0.0,1.2540942798043356e-25,0.9999938813721944,1.8726312114242867e-34,0.9999938813721944,7.956767316042568e-05
2013-07-01,1.885471805415806,1.2364196654177428,0.349349872963689,4.946207991308538,6.556089537574383,-20.225389547096352,-0.2000000000000001,0.09,2.54,4,2.7960841435448405e-72,5.4418114846961085e-06,0.0,1.9374284475565393e-23,0.999994558188546,5.5571552601623414e-36,0.999994558188546,7.140416053638233e-05
2013-08-01,1.538809488600279,2.2593571227008,0.5640882435073991,-3.1298019479343964,-1.0065161255053634,26.468404982164877,-0.0999999999999996,0.08,2.7,4,6.8062744424386845e-74,2.1483766979365615e-06,0.0,2.6241795574238744e-26,0.9999978516232544,4.843311926078857e-31,0.9999978516232544,3.01864028047212e-05
2013-09-01,1.0947341081747997,2.854766330187619,0.5757340145877254,2.974952325919533,5.058953593104731,-2.4103459253101978,0.0,0.08,2.79,4,1.8291234012080796e-77,1.1056335407836023e-07,0.0,2.2591821406613293e-29,0.9999998894366006,1.0465179146673552e-33,0.9999998894366006,1.881529502516184e-06
2013-10-01,0.8767991434911471,2.4178437626957816,1.1356733972648358,4.459575276194472,3.930286816750561,-17.168676602267606,0.0,0.09,2.5700000000000003,4,5.856455229895781e-77,4.328307199516501e-09,0.0,9.836654660390687e-31,0.9999999956717147,1.6288941370095561e-31,0.9999999956717147,8.768121205960648e-08
2013-11-01,1.2328701961954458,2.281966236973343,0.0964583409165165,2.8049471367328715,3.576283271915792,-0.3636377507990063,-0.2999999999999998,0.08,2.6500000000000004,4,6.151002359691506e-76,1.0037734128939683e-08,0.0,6.604049263347141e-29,0.9999999899623617,4.396867552410857e-35,0.9999999899623617,1.9489972884675753e-07
2013-12-01,1.5128383667573295,2.245344069429267,0.5691012563864728,2.3562791975445974,2.87446098932913,0.1459887448330254,-0.2000000000000001,0.09,2.83,4,1.603688828320725e-73,4.185608210880201e-07,0.0,8.613098331812286e-25,0.9999995814392572,1.7956251231897027e-37,0.9999995814392572,6.565728558408054e-06
2014-01-01,1.557758795574915,1.856627704298197,0.5884798958634585,-3.5582905955811595,-1.7408930169742654,34.183669745649084,-0.1000000000000005,0.07,2.82,4,4.05225621715522e-72,2.7967234847454757e-06,0.0,1.1843939428665327e-24,0.9999972032765527,2.878564458458876e-33,0.9999972032765527,3.855859416073197e-05
2014-02-01,1.1204746347724948,2.148610089064018,0.5787463491350175,4.31170301781616,4.976759559420363,-23.95437199328397,0.1000000000000005,0.07,2.66,4,1.6848487754317762e-72,6.453173065542164e-07,0.0,8.177405229679621e-26,0.9999993546827944,2.98829562291757e-31,0.9999993546827944,9.84336051582164e-06
2014-03-01,1.6126949139408042,2.724108069090181,0.3297027314397072,0.6932165418227054,-2.5331207079654083,-0.8571420397077256,0.0,0.08,2.6700000000000004,4,1.402292094040488e-72,6.3513787785669545e-06,0.0,8.354074590068605e-27,0.9999936486212184,1.180658061190561e-30,0.9999936486212184,8.235728158440671e-05
2014-04-01,2.015125303606169,2.9123215934373725,0.4203476774009784,0.6200789153414155,-2.0107256999566947,-3.386169042893705,-0.5,0.09,2.68,4,2.8863844896341e-69,7.367930599076649e-09,0.0,3.2535978810135337e-26,0.999999992631956,2.226453504996552e-32,0.999999992631956,1.4533886256211632e-07
2014-05-01,2.166947687079812,3.226027611336124,0.5950691734657676,2.103028007328045,3.1123633333843603,-14.98881619502578,0.0999999999999996,0.09,2.53,4,1.7246320737768457e-74,1.1284698806588344e-06,0.0,2.42471172299805e-24,0.9999988715300788,1.273392103680409e-36,0.9999988715300788,1.6582465000561854e-05
2014-06-01,2.0589816945944195,3.365841732090935,0.4875210480379977,1.9058331749470137,3.902306924040655,1.4912287893204867,-0.2000000000000001,0.1,2.56,4,4.8859238315694266e-74,6.124764181990294e-07,0.0,1.20387515763993e-26,0.9999993875234906,5.074442170374309e-35,0.9999993875234906,9.374412146534171e-06
2014-07-01,1.9742378703305972,3.9177888079901857,0.4746280179674267,-1.5079830845342368,-0.8713381649195551,46.49957830614247,0.1000000000000005,0.09,2.51,4,4.681826339217711e-78,6.573320739107782e-08,0.0,8.352874488508256e-29,0.9999999342667273,4.6290019169398123e-32,0.9999999342667273,1.1528048102603164e-06
2014-08-01,1.7150983482969062,3.1253041765382905,0.2209124645273785,3.765529557982528,4.817187153079972,-28.67256868198952,-0.1000000000000005,0.09,2.39,4,3.300477586650643e-79,4.342088697064076e-07,0.0,3.208340317628137e-28,0.9999995657911801,5.769395392124227e-37,0.9999995657911801,6.795253838552172e-06
2014-09-01,1.6840509711232077,2.89843352202952,0.3737650072313636,-1.5513837249453988,-1.8968288428853677,34.90487394618596,-0.1999999999999993,0.09,2.51,4,3.8068079834761363e-79,6.272164753414627e-08,0.0,4.736195941213658e-29,0.9999999372782915,3.65109508425939e-32,0.9999999372782915,1.1029305827797064e-06
2014-10-01,1.6095417021513292,2.9919466037849007,0.6579461317454571,2.320146066720308,3.0567142731244834,-13.97915271384379,-0.2000000000000001,0.09,2.28,4,1.7173323101460852e-80,1.7436031532069698e-07,0.0,4.742183898920807e-30,0.9999998256396491,8.734133909947309e-35,0.9999998256396491,2.887778304706161e-06
2014-11-01,1.231524989320798,3.38610667511996,0.3656275600396608,2.453358864631494,3.4743829343563792,-4.989307359857609,0.0999999999999996,0.09,2.31,4,8.959291562767896e-93,5.093085224102479e-08,0.0,1.2624550123719818e-31,0.9999999490692075,4.973430519002779e-33,0.9999999490692075,9.062002520236999e-07
2014-12-01,0.6531213919623191,3.170492700276073,0.7071114967909464,-0.4188587515997044,-1.1599409696555374,44.036015550114094,-0.2000000000000001,0.12,2.18,4,2.2314297031972132e-98,1.5480450852257251e-12,0.0,2.7917556007418365e-41,0.9999999999984084,1.2624256749737577e-31,0.9999999999984084,4.1917776802100346e-11
2015-01-01,-0.2299309782054281,2.7262407410550527,0.7251817220079948,-3.1040805838410623,-2.128558069907205,9.218742083758414,0.1000000000000005,0.11,1.85,4,1.098912399038645e-97,2.053031249993279e-12,0.0,2.209525927007085e-45,0.9999999999979536,1.7488248408397763e-39,0.9999999999979536,5.548227509033471e-11
2015-02-01,-0.0870314629352053,1.30473816054415,0.9698294116650574,5.48925108906233,7.082471116527045,-36.38530954031803,-0.2000000000000001,0.11,1.96,4,6.096634527830644e-98,5.611160410724551e-11,0.0,1.3813914399961638e-37,0.9999999999438387,3.817004104820702e-46,0.9999999999438387,1.3786103885224163e-09
2015-03-01,-0.0220312844238734,-0.002747948362114,-0.0134220305854526,-1.7396107114219572,-1.2622046216204552,14.617689557423642,-0.0999999999999996,0.11,2.01,4,1.1565282449070926e-96,1.635773754812919e-09,0.0,1.1172731303229763e-35,0.9999999983642738,1.3786795120673981e-37,0.9999999983642738,3.472731058358314e-08
2015-04-01,-0.1040309893939106,-0.6444572558062966,0.2877734057101566,0.8520819822535275,0.8271991975292936,-4.839763067131376,0.0,0.12,1.92,4,8.786036599979346e-87,2.993145319353894e-08,0.0,1.7042232900280608e-34,0.9999999700685298,9.125251627781783e-36,0.9999999700685298,5.484726194024264e-07
2015-05-01,0.0350332182442958,-1.460487812501221,0.2384258871952704,1.0491382304589791,2.6026904273387386,-4.879725284121205,0.1999999999999993,0.12,2.18,4,6.633863271504812e-91,5.464768747731764e-08,0.0,7.8543945387073e-29,0.9999999453523302,1.6775028508180323e-34,0.9999999453523302,9.684839135191127e-07
2015-06-01,0.1795718097550525,-2.106390227283794,0.3254909488478397,-2.1011671979729973,-1.6402205015090932,31.71964841942265,-0.2999999999999998,0.13,2.34,4,5.123650078293193e-87,1.1780462777396314e-08,0.0,1.0216263401677636e-30,0.9999999882195425,7.852935151307642e-29,0.9999999882195425,2.2685228569019852e-07
2015-07-01,0.2256861110409458,-1.6903126553953207,0.3543827833190516,1.974202943518488,2.8356396827215136,-33.516181075711174,-0.0999999999999996,0.13,2.29,4,9.043649824784526e-91,7.307604901192118e-07,0.0,2.2121636746727792e-32,0.999999269239464,4.563592442755587e-32,0.999999269239464,1.1055804827610505e-05
2015-08-01,0.2413037985344868,-1.6854337113987985,0.3862892195465761,-6.25808182558657,-6.859415520764767,134.57096182855562,-0.1000000000000005,0.14,2.1,4,8.135897616287877e-88,2.11449170398596e-14,0.0,1.5886589605805835e-37,1.0,2.212093091161285e-32,1.0,-4.16275697445738e-13
2015-09-01,0.00884296163417,-2.2407414414912674,0.5169238899761286,-2.6442831280001355,-3.273302412154533,-13.823426883538623,-0.0999999999999996,0.14,2.15,4,5.035384374234146e-87,2.0648824706079902e-05,0.0,3.1956959825205476e-27,0.9999793511753112,2.168211867939636e-35,0.9999793511753112,0.00024340507760687324
2015-10-01,0.127616560670507,-2.72506606749946,0.4575813089947145,8.298311781266655,9.38473622312539,-38.48979716398277,0.0,0.12,2.05,4,3.7100362244954934e-74,0.0013480542959273397,0.0,2.115386850062552e-25,0.9986519457040384,8.177886179696392e-30,0.9986519457040384,0.010256561455431816
2015-11-01,0.4363182169185187,-4.033068306068888,0.771155670406598,0.0504869110334871,1.0867162379421202,7.033838668931347,0.0999999999999996,0.12,2.14,4,3.2029095340385903e-74,0.07990567209925364,0.0,5.705542118834462e-21,0.9200943279006869,4.591963320923794e-28,0.9200943279006869,0.27853892982950623
2015-12-01,0.6387247515364791,-4.496144811599123,0.5753609192790554,-1.753018503269255,-1.9821160335963817,12.895226484358968,-0.0999999999999996,0.24,2.01,1,2.9042463362322686e-66,0.5568546950628074,0.0,1.1436277463684762e-19,0.4431453049372827,1.576567627817461e-25,0.5568546950628074,0.6866682636008952
2016-01-01,1.2375025026943876,-3.236256019749162,1.0376323263620035,-5.07353220469523,-7.857554078057749,10.9280712713689,-0.2000000000000001,0.34,1.83,1,9.833337777204648e-67,0.9899367883926473,0.0,2.6559846623347105e-18,0.010063211607333646,1.2659237648930647e-26,0.9899367883926473,0.056291797880675024
2016-02-01,0.8472775790126619,-3.11932976959608,0.656434172908904,-0.4128360309003542,-1.213710543665869,1.7326656480292302,0.1000000000000005,0.38,1.47,1,7.31492314272722e-63,0.9999906249589177,0.0,1.4457312926243578e-24,9.375041082612182e-06,1.1539138529935497e-30,0.9999906249589177,0.00011791415455604649
2016-03-01,0.8916160965521946,-3.515311400177057,0.4585700231665157,6.599111444005845,6.84298618849577,-32.11678672908539,0.0999999999999996,0.36,1.6,1,2.0536901722495034e-69,0.9999999029923903,0.0,4.3911123812665476e-23,9.700754241023577e-08,9.584338349104098e-35,0.9999999029923903,1.6635296826358703e-06
2016-04-01,1.1726257503534845,-2.6579036961380758,0.6294324840864896,0.2699398283332543,-1.9403109434616093,12.54480303890546,0.0999999999999996,0.37,1.58,1,4.6751902046939964e-67,0.9999999538026725,0.0,3.092761009321415e-23,4.619742915762371e-08,9.738691170701787e-35,0.9999999538026725,8.264856899878538e-07
2016-05-01,1.0784764621246223,-2.448153056399993,0.4614696395357054,1.5324602525288444,3.616270738758343,-9.617835969594925,-0.2999999999999998,0.37,1.54,1,1.7135940917432075e-68,0.9999999875437879,0.0,2.0827869656481373e-23,1.2456187960486614e-08,8.295555369229398e-34,0.9999999875437879,2.3916989090579577e-07
2016-06-01,1.0792865347959424,-1.678117946525337,0.3796667369753148,0.0910921240124373,-2.129725588304898,10.147995607049332,0.1000000000000005,0.38,1.37,1,4.6845301545651193e-70,0.9999999923861651,0.0,4.682304104641662e-26,7.613928811845675e-09,5.379526742969168e-38,0.9999999923861651,1.49941187843413e-07
2016-07-01,0.8683633430518256,-2.196738284260069,0.4513864568497894,3.5609800753315435,6.596773393421995,-24.05630327160321,-0.1000000000000005,0.39,1.2,1,7.129828865418517e-72,0.9999999983069756,0.0,1.6021804615900615e-26,1.6930986797583154e-09,9.52904163110277e-41,0.9999999983069756,3.588604003368465e-08
2016-08-01,1.0553158595656864,-2.164263084601936,0.6151557645673433,-0.1219242899019312,0.9897141914494868,13.0581314715982,0.1000000000000005,0.4,1.26,1,1.658995888474425e-69,0.9999999827080047,0.0,2.0782534681941515e-26,1.7292075380952146e-08,3.7941314741806396e-41,0.9999999827080047,3.2635156126440843e-07
2016-09-01,1.5486446201652182,-1.9939516469206888,0.508212247915174,-0.1234451139317305,1.8947940252934448,-0.9687042749765506,0.0999999999999996,0.4,1.34,1,1.0255742481272835e-68,0.999999987066758,0.0,2.179419117515924e-22,1.2933172109747266e-08,2.0360414699637716e-39,0.999999987066758,2.4784253008968114e-07
2016-10-01,1.685924966243646,-1.5023811304759715,0.5500777616891384,-1.942567890903446,-2.312873932252446,28.367189728446807,-0.0999999999999996,0.4,1.43,1,5.98464546164226e-63,0.9999999977651441,0.0,5.580141992456429e-23,2.2347719713297735e-09,3.721312980989539e-36,0.9999999977651441,4.6747562008419615e-08
2016-11-01,1.6843334719788938,-1.1862778785850958,0.683454607794598,3.4174521829295035,2.592723177978651,-21.864007379851834,-0.2000000000000001,0.41,1.6900000000000002,1,6.9078372990369575e-59,0.9999999995009148,0.0,5.825627113345916e-21,4.990332233031284e-10,2.3023341262546992e-43,0.9999999995009148,1.1185553701510822e-08
2016-12-01,2.0507989115119862,-0.0204964171657051,0.1997850796870093,1.8200762441865856,1.1165197653431047,5.326331899554693,0.0,0.54,1.98,1,2.868558711286495e-53,1.0,0.0,1.611221296695394e-17,3.8687564960896517e-17,1.486856105015262e-51,1.0,-9.985747285170685e-13
2017-01-01,2.510393348257112,-0.8031281419274894,0.5913629291723899,1.7884358198382522,4.3036364939231575,-14.601140999321627,0.0,0.65,1.92,1,5.08161481761986e-47,0.9999999999997726,0.0,1.5008083775219518e-13,2.711968128356488e-22,6.243409026102457e-56,0.9999999999997726,3.353185440618178e-12
2017-02-01,2.8103616813294208,-0.6864591168616152,0.572870131917802,3.719816006681631,3.751696873404775,7.75646641308525,-0.1000000000000005,0.66,1.9,1,3.871880703295756e-46,0.9999999999995453,0.0,3.9270858178397067e-13,1.4072437387965073e-24,2.942148186707333e-63,0.9999999999995453,1.0175512663327647e-11
2017-03-01,2.44119623655914,0.7162067590550603,0.5180960344003838,-0.0389197135269414,1.4814382061574705,-4.256967395410626,-0.1999999999999993,0.79,1.74,1,2.6177594496190254e-47,1.0,0.0,2.1002961235062936e-16,7.077265142895655e-36,3.1238400209889006e-83,1.0,-9.942856120358167e-13
2017-04-01,2.176223471915395,1.3993011097695571,0.4136773465234666,0.9091208748854608,2.298301743980713,-12.53031693673946,0.0,0.9,1.4999999999999998,1,3.95990002451462e-53,1.0,0.0,1.6182143662036602e-18,1.638997422458877e-45,1.8006301523271443e-102,1.0,-1.0000441876691369e-12
2017-05-01,1.856343166761976,1.7500792534729248,0.3483650510713643,1.1576251246328662,2.4953685780273016,-3.789277809390657,0.0,0.91,1.4099999999999997,1,5.0466368402029135e-57,1.0,0.0,5.4370539204122744e-21,7.7616364570918085e-47,2.829094271046191e-128,1.0,-1.0000887503504894e-12
2017-06-01,1.640565809959127,1.480330854653911,0.0707578460132474,0.4813775207812565,-0.9373220941963468,7.396738415467796,-0.1000000000000005,1.04,1.21,1,4.3880047833404113e-57,1.0,0.0,2.995240545676995e-22,1.0056382195775694e-65,1.1766137185707537e-162,1.0,-1.0000888923056855e-12
2017-07-01,1.7251073506566073,1.1187969195710634,0.4529719378360441,1.934882600110188,3.3825080036069988,-8.228980779795059,0.0,1.15,1.2499999999999998,1,5.191995236340778e-56,1.0,0.0,1.2096107585094069e-20,1.9440568569998782e-76,4.455076116229049e-178,1.0,-1.000088566354037e-12
2017-08-01,1.92812155729698,0.8523014668689877,0.4142684312790967,0.0546433019853243,1.268722670266409,3.2163734536487354,0.1000000000000005,1.16,1.2,1,5.499634939624017e-54,1.0,0.0,7.463492717171851e-20,3.337413905342236e-76,2.05108385561103e-180,1.0,-1.000086838342598e-12
2017-09-01,2.1805652303711787,1.0630336308315114,0.3504928806133733,1.9302978562167672,1.0468714016881098,-10.198299415908265,-0.1000000000000005,1.15,1.1700000000000002,1,8.755120302530708e-54,1.0,0.0,2.652854734173565e-19,3.942344302992026e-80,3.780637159880907e-174,1.0,-1.0000815704733937e-12
2017-10-01,2.020757753132485,2.2919955326540453,0.4256712508186044,2.218813506615125,3.566985670029577,7.045216195254711,-0.0999999999999996,1.15,1.2899999999999998,1,1.5031593557531834e-55,1.0,0.0,1.4186211758998405e-20,9.359540083195025e-79,1.2370666688172409e-176,1.0,-1.0000885086023245e-12
2017-11-01,2.172493864295566,2.9662701539719283,0.3448900481831662,2.8082627806563343,2.1746056906426947,10.805495037521196,0.0,1.16,1.12,1,2.2593983638342003e-56,1.0,0.0,1.1093445147563292e-21,1.972425514944215e-80,2.2125615882717585e-204,1.0,-1.0000888699295194e-12
2017-12-01,2.129930719552253,2.467143465957866,0.2758301983522226,0.9831630594270502,0.4279902437090976,-2.127657595741339,-0.1000000000000005,1.3,1.0799999999999998,1,1.5394913936477795e-54,1.0,0.0,2.2373562779297467e-20,2.75986824468855e-103,4.486973452995765e-234,1.0,-1.000088282377456e-12
2018-01-01,2.151318868063945,2.735287476546944,0.1087324389910326,5.617870412552817,7.3600047757332865,22.64492761447785,-0.0999999999999996,1.41,1.1700000000000002,1,2.960492522551952e-54,1.0,0.0,3.2875477462307985e-19,1.3060305123126207e-125,1.4208007218076961e-251,1.0,-1.0000798167518295e-12
2018-02-01,2.263468931091861,3.3994953469032696,0.3409483254689816,-3.89473718793677,-1.8683207025945725,46.602662019159546,0.0999999999999996,1.42,1.2899999999999998,1,2.4559892771846354e-52,1.0,0.0,7.464670062276578e-20,2.639519409643765e-116,2.2690839467568377e-251,1.0,-1.0000868380172854e-12
2018-03-01,2.3309497646499366,3.224806264183644,0.4638059327015442,-2.688449860055664,-2.8813321728640817,0.6045286124869875,-0.0999999999999996,1.51,1.14,1,2.7672374277395785e-48,1.0,0.0,2.660586043123953e-18,6.542732796000849e-137,3.944518127076787e-269,1.0,-1.0000153858797814e-12
2018-04-01,2.4709963021052994,3.309758614070435,0.1448499768097244,0.2718774995368322,0.0399213435471113,-20.23034124731817,0.0,1.69,1.11,1,8.640555563987751e-45,1.0,0.0,4.633531147810357e-16,2.65014035265121e-176,6.35457111345794e-305,1.0,-9.872861955295793e-13
2018-05-01,2.781921607842497,2.258420144436624,0.4004332088807905,2.16083418545836,5.318932005391752,-3.1387318921616503,-0.2000000000000001,1.7,1.12,1,1.7809630892409167e-41,1.0,0.0,6.26604702140278e-15,3.2112932717144796e-182,4.184303024605462e-298,1.0,-8.269907638638174e-13
2018-06-01,2.8075506935940187,2.8410387544831828,0.2994819388262071,0.484243626760783,0.9161325862309112,4.277380650412055,0.2000000000000001,1.82,1.0100000000000002,1,2.1130642368420163e-40,1.0,0.0,3.9994744328846256e-15,3.467907310155485e-200,0.0,1.0,-8.895953019675743e-13
2018-07-01,2.854124785561929,3.2543243815604805,0.2603798149038994,3.602155617289915,2.1502501707615806,-20.26103292707241,-0.2000000000000001,1.91,0.9300000000000002,1,2.0480918481743604e-42,1.0,0.0,8.185216889601736e-15,2.596709217501968e-236,0.0,1.0,-7.739897249337767e-13
2018-08-01,2.642923856874257,4.353587280888749,0.3620324629498794,3.0263211276748248,5.705969503481012,0.2338248881495142,0.0,1.91,0.8600000000000003,1,8.655839962566321e-45,1.0,0.0,1.0057722219441937e-17,1.4283120180667212e-227,0.0,1.0,-9.998109955479747e-13
2018-09-01,2.332055105808828,4.313826088176409,0.1589165547453586,0.4294287426461762,-0.7792049993202155,-5.754275201196735,-0.0999999999999996,1.95,0.8700000000000001,1,7.770645219943712e-46,1.0,0.0,6.306371471008188e-18,1.923753308365923e-241,0.0,1.0,-9.999146491383308e-13
2018-10-01,2.492032470218053,2.930867401734427,0.0961815233187612,-6.94033560936963,-9.202311437184164,75.1650143786863,0.0999999999999996,2.19,0.8999999999999999,1,5.587207283760241e-44,1.0,0.0,3.229772250054656e-17,2.0348254218638066e-298,0.0,1.0,-9.99196482572558e-13
2018-11-01,2.147328577667773,2.7666629800210174,0.2160251374705435,1.785935665477978,0.3372635410847202,-14.88459687022321,0.0,2.2,0.79,1,1.9440486564594705e-43,1.0,0.0,2.877538335992156e-16,1.1282681621831347e-306,0.0,1.0,-9.921380511198294e-13
2018-12-01,2.0023809043401064,2.5912536810940523,0.7250636880266503,-9.177689467997252,-9.4844343009027,40.675154983953774,0.1,2.27,0.4599999999999999,1,4.593173144647518e-43,1.0,0.0,8.196359974662191e-19,8.972247629891796e-306,0.0,1.0,-1.0000662532029595e-12
2019-01-01,1.4875893578291333,1.9116422323518512,0.4738743746525831,7.868440166582613,9.742776041862513,-34.81510761175416,0.1,2.4,0.3399999999999998,1,8.966122619901193e-43,1.0,0.0,9.165561448402682e-19,0.0,0.0,1.0,-1.000063575200489e-12
2019-02-01,1.5188615351321877,1.1096417703535089,0.3208807623684251,2.9728889343927145,3.444088126040868,-10.802655370067082,-0.2000000000000001,2.4,0.29,1,8.905002032848336e-42,1.0,0.0,8.214961115281953e-19,0.0,0.0,1.0,-1.0000662018061115e-12
2019-03-01,1.8831863513063984,0.6545559146318158,0.3646616023051496,1.7924256249588488,2.612535823625928,-7.239510921216496,0.0,2.41,0.1699999999999999,1,3.3233484864214174e-40,1.0,0.0,2.6769634438851905e-18,0.0,0.0,1.0,-1.0000149333555625e-12
2019-04-01,2.000583470209061,-1.0247462328067725,0.2369586867680961,3.9313498313737982,4.736125827695337,-4.303429255625546,-0.0999999999999996,2.42,0.1499999999999999,1,2.684067692277208e-42,1.0,0.0,3.147842614939436e-16,0.0,0.0,1.0,-9.913911890790787e-13
2019-05-01,1.7959105553606136,-0.0101560119684762,0.7482527065917566,-6.57777313668354,-7.933406834365552,42.60670158287405,-0.1,2.39,0.0499999999999998,1,7.706841953907483e-43,1.0,0.0,6.445468023959663e-20,0.0,0.0,1.0,-1.0000871196332144e-12
2019-06-01,1.671194894390049,-0.7369328862962377,0.6501985962239498,6.89301639982407,7.420893706395515,-19.401386095091368,0.0,2.38,-0.1,1,2.458764326640336e-43,1.0,0.0,2.1103517651229317e-20,0.0,0.0,1.0,-1.0000883174700996e-12
2019-07-01,1.826331335037068,-1.3774541767684445,0.5669378598264885,1.3128152166957952,2.113097815546716,6.8965578301657615,0.1,2.4,-0.04,1,5.142001289835542e-49,1.0,0.0,6.546307240555609e-19,0.0,0.0,1.0,-1.00007081246691e-12
2019-08-01,1.7376412106666406,-1.3396749291328724,0.6161516391514965,-1.809162724052393,-2.5997446136534985,17.741926514309903,-0.1,2.13,-0.32,1,1.550271874197276e-48,1.0,0.0,6.560593837860093e-24,9.590236484918954e-282,0.0,1.0,-1.000088900400565e-12
2019-09-01,1.6844977040391562,-1.7374573008364869,0.4861630516080906,1.7181177931020697,0.4578740540366111,-14.436247825089898,-0.1,2.04,-0.1899999999999999,1,1.3061655028238196e-51,1.0,0.0,8.094560268888868e-23,3.4467411705172212e-261,0.0,1.0,-1.0000888983452312e-12
2019-10-01,1.7339736996186297,-2.4594751580988228,0.9197724493593462,2.0431770513684056,3.663058621536641,-18.59605632175093,0.1,1.83,0.06,1,1.7170986350926203e-52,1.0,0.0,2.0566019611331023e-21,8.334666417157303e-196,0.0,1.0,-1.0000888437558288e-12
2019-11-01,2.092290394862917,-2.047601522464615,0.7619060162258995,3.4047037714499906,4.499435132841234,-4.538580706130169,0.0,1.55,0.27,1,4.7365351501769265e-50,1.0,0.0,4.8003891234244885e-21,2.3817099358898917e-143,2.667713029814147e-297,1.0,-1.0000887679421878e-12
2019-12-01,2.3195274699624457,-2.2991807373363926,0.3280766993654094,2.858981890573009,3.5442958374321654,9.19175798677687,0.0,1.55,0.32,1,2.2092338824234285e-48,1.0,0.0,8.240435151814569e-19,4.57510197236662e-148,9.688353810953949e-293,1.0,-1.0000661314187517e-12
2020-01-01,2.599767976845202,-2.290379015513233,0.4787805751880869,-0.1628092819048965,1.9876159427214544,36.71988764636704,0.0,1.55,0.24,1,1.738526705485992e-104,1.0,0.0,1.8115891984288195e-18,7.79050470573924e-145,6.752313215484262e-289,1.0,-1.0000388445257276e-12
2020-02-01,2.34131667975952,-1.4232217750208775,0.4395461912479748,-8.411048363840312,-6.377162183318119,112.89809068734004,-0.1,1.58,-0.02,1,7.773247084443475e-261,1.0,0.0,2.1022111414238664e-158,4.719401534455761e-144,8.199398133730308e-208,1.0,-1.000088900581841e-12
2020-03-01,1.4940399642909163,-5.315054964389065,3.495817411959101,-12.51192824089282,-10.122943303118992,33.48292221593678,0.9000000000000004,0.65,0.5800000000000001,4,0.0,0.0,0.0,1.8699807963380882e-228,1.0,6.616045882500872e-237,1.0,-1.000088900581841e-12
2020-04-01,0.3130472940411133,-17.318282261376304,6.421194431971267,12.68440381652789,15.447197983741724,-36.21591157654439,10.4,0.05,0.52,2,0.0,0.0,1.0,0.0,0.0,1.8699808029539576e-228,1.0,-1.000088900581841e-12
2020-05-01,0.1982013035848551,-16.047738104539413,5.086146272855152,4.528181966555822,6.753101402091799,-19.443633968699142,-1.6000000000000014,0.05,0.54,5,0.0,0.0,0.0,0.0,0.0,1.0,1.0,-1.000088900581841e-12
2020-06-01,0.7166562831830481,-10.586064673581452,1.3835678316296507,1.838839651392421,5.994807168457905,10.614322253724785,-2.1999999999999997,0.08,0.57,5,0.0,9.499664004293887e-252,0.0,0.0,8.876142117538124e-95,1.0,1.0,-1.000088900581841e-12
2020-07-01,0.9968647625897996,-6.783544959427434,0.8327832783278311,5.510132148044367,6.8248904388078735,-19.61880105432565,-0.8000000000000007,0.09,0.49,5,0.0,1.7110915449503944e-116,0.0,8.876142117534088e-95,4.7518275450965e-57,1.0,1.0,-1.000088900581841e-12
2020-08-01,1.2810698495523851,-6.512241935326724,0.446774387117177,7.006466690171775,9.587385655533742,7.972202926930305,-1.799999999999999,0.1,0.55,5,1.4064556959296738e-200,1.3316076140631952e-95,0.0,5.230506269012922e-89,2.9489557538287032e-49,1.0,1.0,-1.000088900581841e-12
2020-09-01,1.3910228912373812,-6.183101854793705,1.0410952952485395,-3.9227970178423055,-5.162857309432001,-0.1514540265422637,-0.6000000000000005,0.09,0.5700000000000001,5,4.5960023633732784e-163,4.837177058653727e-57,0.0,7.75246249144483e-67,2.3352521373491228e-20,1.0,1.0,-1.0000882553278304e-12
2020-10-01,1.2303863428671624,-4.622683457542831,0.8325718892770784,-2.766578622137972,-2.291647173327338,44.178988425352486,-0.8999999999999995,0.09,0.6900000000000001,5,5.762781058581709e-136,6.815648702423306e-33,0.0,2.279550280557221e-50,2.7435014976268428e-15,1.0,1.0,-9.24290669263751e-13
2020-11-01,1.1757452138405844,-4.763324870606622,1.2926508137036885,10.75456354438591,11.796176442264828,-45.89689782440855,-0.2000000000000001,0.09,0.78,5,2.744809450276572e-107,5.915469862908825e-19,0.0,5.742662883459618e-42,8.716623779128575e-08,0.9999999128338042,0.9999999128338042,1.5040905042806023e-06
2020-12-01,1.3204191315779434,-3.28150457766595,0.6157116995747947,3.712145909357001,5.652551212783719,10.597959832368442,0.0,0.09,0.8400000000000001,5,2.5309832618044547e-97,1.171602805125304e-10,0.0,2.1294034505897344e-34,3.3887780276251884e-05,0.999966112102673,0.999966112102673,0.0003826784891741498
2021-01-01,1.3738437137002402,-2.12958435691818,1.3384311223155532,-1.1136660755445171,1.415318043835101,45.45055012126544,-0.2999999999999998,0.09,1.0,5,2.0846836519904504e-94,7.358307843898863e-12,0.0,4.3577540623670315e-35,0.0006236683979344415,0.99937633159468,0.99937633159468,0.005226079330597785
2021-02-01,1.6698167791706853,-5.680577271180343,1.3733980893199105,2.60914513774484,0.9307785257554269,-15.533391858405444,-0.2000000000000001,0.08,1.22,5,1.2970154048194771e-111,8.157892165599913e-11,0.0,2.323772332432578e-33,0.015686655960964906,0.9843133439574552,0.9843133439574552,0.08074016457540936
2021-03-01,2.6678187820641908,1.0038210492383517,1.1867789465109355,4.243863253316516,0.413273673203407,-30.590343152140875,-0.1000000000000005,0.07,1.58,4,1.4949905202791467e-121,5.559873658252585e-11,0.0,7.730972370224058e-51,0.9999882607926446,1.173915173605735e-05,0.9999882607926446,0.00014501011926370026
2021-04-01,4.133077115360573,16.55213518144698,1.50745930715237,5.242532134755851,5.403612808007785,-4.072159916045248,0.0,0.07,1.62,4,1.5644070433661118e-155,1.4888508008118887e-31,0.0,2.534394769028268e-69,1.0,1.0162235101459064e-31,1.0,-1.000088900581841e-12
2021-05-01,4.918257089467626,15.673379835366053,1.4032844092177754,0.548648867060697,-1.532223455047299,-9.940893717331134,-0.2999999999999998,0.06,1.6,4,3.0509227282854848e-164,5.5300117793126945e-30,0.0,2.6787164514889648e-45,1.0,1.2084260432722343e-61,1.0,-1.0000889005818408e-12
2021-06-01,5.295632620349999,8.958396565691418,0.0728349920810167,2.2214009565834747,5.492939338902492,-5.548927759399113,0.1000000000000005,0.08,1.48,4,1.7614858887681183e-123,8.133663614447755e-14,0.0,1.4626731787733707e-34,1.0,1.2813593975644279e-65,1.0,1.2409650559251816e-12
2021-07-01,5.245169381309234,5.4998863464161385,0.7668973871757245,2.274805482838871,1.1633347461578625,15.22425684792983,-0.5,0.1,1.27,4,4.78264605744006e-100,7.852002799815837e-19,0.0,1.301556254592125e-34,1.0,3.794342368108627e-44,1.0,-1.0000672046969411e-12
2021-08-01,5.152015301793966,4.261168528131454,1.0378542932071744,2.899041625543864,3.997637509763852,-9.649124182932722,-0.3000000000000007,0.09,1.23,4,1.1404487688173837e-101,2.116488011343739e-17,0.0,2.4479218930235544e-34,1.0,4.839701743385722e-47,1.0,-9.99504093780458e-13
2021-09-01,5.351215590949132,3.012497017200721,0.6779189375911487,-4.75691688019011,-5.312585317477336,40.41262155586416,-0.3999999999999994,0.08,1.33,4,1.936247716919717e-85,6.941163924046522e-19,0.0,1.2795178129842373e-38,1.0,1.0963981257190954e-45,1.0,-1.0000697214376274e-12
2021-10-01,6.235042390298062,3.5628709708763973,0.852057470990486,6.914383640060651,7.265832106934167,-29.732062844583893,-0.2000000000000001,0.08,1.53,4,1.6293382236453412e-80,5.474910855441499e-25,0.0,4.369707053393919e-27,1.0,7.058435319245804e-66,1.0,-1.0000889005665925e-12
2021-11-01,6.901970403700863,3.897545981936834,0.8354084665434858,-0.8333706184746159,0.2535797727473143,67.22017313235555,-0.4000000000000003,0.08,1.51,4,1.2181739744570674e-79,1.0055156688605296e-29,0.0,1.3145647279799941e-19,1.0,1.4404159734607875e-73,1.0,-1.0000852683052823e-12
2021-12-01,7.174340285065539,2.2463731281071158,0.7586656107515966,4.361291346206486,0.6904455804449761,-36.66789637688647,-0.1999999999999997,0.08,1.41,4,3.839395017511596e-65,2.8296465664274097e-39,0.0,7.985262913757704e-10,0.9999999992014637,1.9006636604265786e-71,0.9999999992014637,1.752426795244136e-08
2022-01-01,7.558805726967832,1.3181341030033655,0.6715654357734246,-5.258516502739385,-8.981096597230199,44.19280437746495,0.1,0.08,1.61,4,5.117507721947831e-58,6.659756822876119e-43,0.0,1.2400863855584682e-05,0.9999875991361868,1.842562157822724e-74,0.9999875991361868,0.0001525025753746468
2022-02-01,7.937278766517819,5.429593086433182,0.361722965481559,-3.1360491945908286,-3.4303624483314143,21.42569356089705,-0.1,0.08,1.6,4,1.382922858054143e-66,2.5814221446107786e-36,0.0,0.0006709527748163419,0.9993290472252961,9.712283921898732e-83,0.9993290472252961,0.005573253288334962
2022-03-01,8.572204966013853,3.054410401522168,0.2876909692653973,3.577328837154625,3.411428125857064,-31.80762943258498,-0.1999999999999997,0.2,1.69,3,4.195740960763062e-61,4.7517709972235046e-49,0.0,0.9885271189879192,0.011472881011977212,6.647742029797975e-102,0.9885271189879192,0.06266499880285291
2022-04-01,8.231750770777225,2.923435475508507,-0.0899610780641935,-8.795671180434306,-13.26168062051618,62.45137350906052,0.0,0.33,1.99,3,3.9923309474993516e-52,6.067610582378925e-46,0.0,0.9999999993053734,6.945604066033318e-10,1.0939180617072383e-112,0.9999999993053734,1.5339337962805918e-08
2022-05-01,8.538171195642065,1.911029805910092,-0.2306179826898513,0.0053177704644635,-2.0531609128287776,-21.58682833063601,-0.1,0.77,1.92,3,9.736764301947842e-45,3.7862836179552904e-54,0.0,1.0,3.826765050244048e-51,1.6386976455752787e-166,1.0,-1.000088900581841e-12
2022-06-01,8.979361103105798,1.2217594016755706,-0.3255454151970371,-8.391999993382681,-8.712982899269706,9.621987396059884,0.0,1.21,1.65,3,1.0455786224029066e-42,2.1740421530844945e-65,0.0,1.0,2.2532264495586426e-149,1.1999673307385257e-233,1.0,-1.000088900581841e-12
2022-07-01,8.462576727730099,0.968659945597028,0.0115491044824445,9.111639173021002,12.349100317618287,-25.705327050177296,-0.1,1.68,0.6699999999999999,3,1.0874391598917461e-39,4.2045491381683537e-47,0.0,1.0,3.968266117250021e-263,4.534634546210467e-300,1.0,-1.000088900581841e-12
2022-08-01,8.222579178218826,1.0521402147261716,-0.0337194907894966,-4.244012827299837,-4.63646668952804,21.28458008329206,0.1,2.33,0.27,3,1.0409979930549765e-31,2.0521449484337766e-47,0.0,1.0,0.0,0.0,1.0,-1.000088900581841e-12
2022-09-01,8.192106896425821,2.462018715752601,-0.4648390390862289,-9.339567201327435,-10.498976469754972,22.226516480354277,-0.1,2.56,0.3900000000000001,3,5.63887035141466e-33,2.2804116061190934e-47,0.0,1.0,0.0,0.0,1.0,-1.000088900581841e-12
2022-10-01,7.758813957693,1.0648183730078251,-0.3583813418874482,7.98634138370089,3.900766752836127,-18.153072505123813,0.1,3.08,0.2599999999999998,3,2.901517219277398e-23,2.364968973642175e-41,0.0,1.0,0.0,0.0,1.0,-1.0000888997801222e-12
2022-11-01,7.122856456533988,0.0890295383749073,-0.2548441350906705,5.375289335249311,4.366973442449451,-20.47913218287584,0.0,3.78,-0.2600000000000002,3,3.703096589958965e-15,6.630681091885391e-35,0.0,1.0,0.0,0.0,1.0,-8.977822481070825e-13
2022-12-01,6.404600402357152,-0.8016099812473643,-0.5432193335637714,-5.897147407473047,-8.73316647410185,5.296405037068652,-0.1,4.1,-0.6299999999999999,3,5.7151679618552554e-11,1.8703035718442127e-34,0.0,0.9999999999429292,0.0,0.0,0.9999999999429292,1.4030196769318883e-09
2023-01-01,6.327178517960097,0.3188082918103907,-0.0897004193846751,6.17528578346791,10.682381143076158,-10.475313566089683,0.0,4.33,-1.0100000000000002,3,2.3586845457346332e-11,1.595253127035508e-24,0.0,0.9999999999763531,0.0,0.0,0.9999999999763531,5.988454400133929e-10
2023-02-01,5.957820738137087,-0.1634816837026265,-0.1588793832847601,-2.611249393181858,-1.1136364191968728,6.701036958616502,0.1,4.57,-0.9000000000000004,3,1.1536763292599211e-07,4.3052201216887037e-26,0.0,0.9999998846324227,0.0,0.0,0.9999998846324227,1.958379888774835e-06
2023-03-01,4.917719362889961,-0.3651222449396196,-1.4025291663920414,3.505161257710898,6.689951888555568,-9.661835392686214,-0.1,4.65,-1.0300000000000002,3,1.1159660206966757e-16,7.947047714166864e-27,0.0,1.0,0.0,0.0,1.0,-9.970053849664752e-13
2023-04-01,4.950079879124369,-0.1843454258675048,-0.8786045467785275,1.4642341662481018,0.0382094272932675,-15.614978132809798,-0.1,4.83,-1.46,3,5.869826286794063e-07,2.96835579031171e-25,0.0,0.999999413017294,0.0,0.0,0.999999413017294,9.009166133962706e-06
2023-05-01,4.131851231385042,-0.3995717112307395,0.3434770670045273,0.2482347368192972,5.79646930220068,13.688218235981696,0.2000000000000001,5.06,-1.5699999999999998,0,0.9997668376692593,1.821807554685472e-18,0.0,0.0002331623307809528,0.0,0.0,0.9997668376692593,0.0021832525685898125
2023-06-01,3.070617072997095,-0.8893464531073647,-0.1473864116449563,6.472746490423464,6.591501854521198,-24.24749304333413,0.0,5.08,-1.41,0,0.9999996318332018,3.7853722933713303e-20,0.0,3.6816678797549734e-07,0.0,0.0,0.9999996318332018,5.822456205756458e-06
2023-07-01,3.287749268428297,-0.3124783892988758,-0.0322132420464527,3.113893235501086,4.047743332839904,0.2943337851649019,-0.1,5.12,-1.35,0,0.9999997498701163,1.1471986983044754e-20,0.0,2.501298568994853e-07,0.0,0.0,0.9999997498701163,4.052423250841421e-06
2023-08-01,3.722504803505289,-0.2542130621991156,-0.0490568578601635,-1.7716390070854016,-2.168195881860735,-0.4402085041300019,0.2000000000000001,5.33,-1.13,0,0.9999785269944736,5.834384665519419e-24,0.0,2.1473005476280873e-05,0.0,0.0,0.9999785269944736,0.0002522799669408896
2023-09-01,3.687206638119256,-0.2672476942852109,-0.1366567221634196,-4.871936746562488,-5.811550932801845,29.108333469204386,0.0,5.33,-0.9400000000000004,0,0.9999472909220558,5.804703732245959e-20,0.0,5.270907794845999e-05,0.0,0.0,0.9999472909220558,0.0005719302058814712
2023-10-01,3.2512659098611785,-0.7742988102069082,-0.077576902320553,-2.197968873798295,-2.784410010679206,3.538806596377841,0.1999999999999997,5.33,-0.54,0,0.9996754222970022,3.484236421752374e-21,0.0,0.00032457770297687793,0.0,0.0,0.9996754222970022,0.0029318530327545984
2023-11-01,3.133346274591186,-0.0904361538583531,0.058830620855943,8.917926878197013,10.69919686435905,-28.776182408987736,-0.1999999999999997,5.33,-0.7699999999999996,0,0.9999687034444223,1.0132966562057765e-20,0.0,3.12965555709719e-05,0.0,0.0,0.9999687034444223,0.00035590401683849174
2023-12-01,3.3159099427102934,0.8386591076755323,0.1455442729292544,4.422923115636013,5.518893268227432,-3.637772943137818,0.0999999999999996,5.33,-1.2200000000000006,0,0.9999996605247937,2.442038447265413e-20,0.0,3.3947525351846755e-07,0.0,0.0,0.9999996605247937,5.3962506224595655e-06
2024-01-01,3.0883429864855705,-1.2762549126908995,0.2675662539280754,1.5895707598991615,1.0169648980439483,15.261049006527983,-0.0999999999999996,5.33,-1.16,0,0.9999995476917888,4.5705684272885345e-24,0.0,4.523082177482334e-07,0.0,0.0,0.9999995476917888,7.060032532132491e-06
2024-02-01,3.157074141648697,-0.3543266402759926,0.4137169734347745,5.172064062372317,6.119160898679055,-6.620214199897867,0.1999999999999997,5.33,-1.0300000000000002,0,0.999999784000716,5.67762400773273e-23,0.0,2.159991936525584e-07,0.0,0.0,0.999999784000716,3.5311509759672764e-06
2024-03-01,3.4868349120836584,-0.557312624665296,0.2112639030289242,3.1018779915342964,1.786859743638325,-2.910443289185793,0.0,5.33,-1.0300000000000002,0,0.9999968071593724,1.5580760482413406e-22,0.0,3.1928407217409878e-06,0.0,0.0,0.9999968071593724,4.359695422413592e-05
2024-04-01,3.3607951262196734,-0.997106258579994,-0.0496043575520355,-4.161507173789869,-4.405759714657864,20.29207796466992,0.0,5.33,-0.7000000000000002,0,0.9999437761197549,4.908111871636158e-23,0.0,5.622388021061674e-05,0.0,0.0,0.9999437761197549,0.0006064386899107065
2024-05-01,3.244278584003113,-0.0649964430300298,0.3159075183126081,4.80211901511991,6.879624349054803,-17.444086957062233,0.0,5.33,-0.7699999999999996,0,0.9999953359537895,7.972999165476246e-22,0.0,4.664046237263066e-06,0.0,0.0,0.9999953359537895,6.191812616416394e-05
2024-06-01,2.9702579486470926,0.7734749239909133,0.2330924711131832,3.466980128308328,5.9610332468520655,-3.7151740950169487,0.1999999999999997,5.33,-0.9300000000000006,0,0.9999997985048797,6.207763246073297e-22,0.0,2.0149507635101744e-07,0.0,0.0,0.9999997985048797,3.3080436191218943e-06
2024-07-01,2.9414757935583014,-0.9226344732312096,0.1333605433136986,1.1321316887868749,-0.7511544933297865,31.511263361694407,0.1000000000000005,5.33,-0.9500000000000002,0,0.9999996782453826,5.781361627383085e-25,0.0,3.217546850349658e-07,0.0,0.0,0.9999996782453826,5.13181664565729e-06
2024-08-01,2.607144490692037,-0.4050008280501727,0.4412573226913574,2.2834706936630367,0.648992280787275,-8.312961855826828,0.0,5.33,-1.1799999999999995,0,0.9999999545154888,1.2104968935966069e-23,0.0,4.5484437905534657e-08,0.0,0.0,0.9999999545154888,8.144376685183361e-07
2024-09-01,2.4264830315416708,-1.2004422838397089,0.3944903477271833,2.0196884090601275,2.6846618834620584,11.533330281575529,-0.1000000000000005,5.13,-0.9999999999999996,0,0.9999999701472011,5.209346453383004e-23,0.0,2.985286043357625e-08,0.0,0.0,0.9999999701472011,5.471108686501366e-07
2024-10-01,2.578844053871343,-0.9947356843759692,0.2876548142229262,-0.9896743303151712,-0.5168984162214452,38.43395386199917,0.0,4.83,-0.4100000000000001,0,0.9999995661395165,2.4606415464941225e-19,0.0,4.3386047901345066e-07,0.0,0.0,0.9999995661395165,6.7901499201158456e-06
2024-11-01,2.719472461284833,-1.5579409481489392,0.5535063997712752,5.730129548209884,6.206190647809318,-41.666665294078406,0.1000000000000005,4.64,-0.0599999999999996,0,0.9997764780964793,7.784807983355812e-20,0.0,0.00022352190355582618,0.0,0.0,0.9997764780964793,0.002102422296135395
2024-12-01,2.870690967509981,-0.2741466217243804,0.1528795421071205,-2.499013704848363,0.48193527792455,28.42339072932578,-0.1000000000000005,4.48,0.1200000000000001,0,0.999997678327157,2.5730884262054977e-16,0.0,2.321672731015064e-06,0.0,0.0,0.999997678327157,3.2441245362299316e-05
2025-01-01,2.9909783078999608,0.849002693950851,0.2401384984828558,2.70163042404441,1.6397589430455106,-5.302593983090231,-0.0999999999999996,4.33,0.4199999999999999,0,0.9999885792378402,2.0123026116015665e-17,0.0,1.1420762164099439e-05,0.0,0.0,0.9999885792378402,0.00014138985481080028
2025-02-01,2.8015834477613355,0.8119858403550007,0.3157034615955956,-1.4242092699825126,-3.974844289359336,19.476559927894566,0.2000000000000001,4.33,0.2300000000000004,0,0.9999981340344349,7.153496908587423e-17,0.0,1.8659654984361322e-06,0.0,0.0,0.9999981340344349,2.6481278500682872e-05
2025-03-01,2.381981462805549,0.5802453773984029,0.3558998852234429,-5.754469768137538,-8.21333525116098,13.49975363817293,0.0,4.33,0.08,0,0.9999985365154112,6.4619486287961934e-18,0.0,1.4634846364834146e-06,0.0,0.0,0.9999985365154112,2.1124944263713353e-05
2025-04-01,2.32538823025783,0.8823523543694645,0.4002933024658706,-0.7624943346289825,0.8500394479722617,10.861759433178465,0.0,4.33,0.0700000000000002,0,0.9999999299359412,1.08131870679906e-16,0.0,7.006413613261688e-08,0.0,0.0,0.9999999299359412,1.2242884635486322e-06
2025-05-01,2.3772651073680877,0.101622993565531,0.2999416652504028,6.152382614078289,9.557475679331915,-24.81781732295673,0.0999999999999996,4.33,0.1699999999999999,0,0.9999951138921688,1.3730352149259614e-19,0.0,4.886107936639702e-06,0.0,0.0,0.9999951138921688,6.463886728322388e-05
2025-06-01,2.680453865910226,0.5793208714095943,0.4877222227310573,4.960683946771582,6.570974581683475,-9.90845548102368,-0.2000000000000001,4.33,0.1499999999999994,0,0.9999993003432511,5.558157663678228e-18,0.0,6.996566653840953e-07,0.0,0.0,0.9999993003432511,1.061566180415635e-05
2025-07-01,2.742618052167134,1.9187662602012208,0.3773464523509018,2.16665625306407,3.695280853886485,-0.0597742328479422,0.2000000000000001,4.33,0.1399999999999996,0,0.9999996702038605,2.9242408190970835e-17,0.0,3.297960962711658e-07,0.0,0.0,0.9999996702038605,5.2519319823371435e-06
2025-08-01,2.9385917430316155,1.1886779865559305,0.3041928673582994,1.906644429503612,1.5770025485695616,-8.133969572540567,0.0,4.33,0.1399999999999996,0,0.9999982462049419,2.950432731599817e-18,0.0,1.7537951090489413e-06,0.0,0.0,0.9999982462049419,2.4998115712838468e-05
2025-09-01,3.022571584713329,1.8631698334008016,0.3784089623175113,3.5323687218701494,5.613740689554225,5.989590172733639,0.1000000000000005,4.22,0.2000000000000001,0,0.9999991219407764,3.0557748831103108e-15,0.0,8.780592676923257e-07,0.0,0.0,0.9999991219407764,1.3123077873111142e-05
2025-10-01,2.8587179332828505,1.7593332629600056,0.3323397711951115,2.26868719049238,4.699694231776186,7.125305887509326,0.0499999999999998,4.09,0.2399999999999997,0,0.9999995513875188,2.5263414384903096e-12,0.0,4.486099279433384e-07,0.0,0.0,0.9999995513875188,7.006058600917422e-06
2025-11-01,2.6964439164939518,1.7543117556713783,0.13483267265324,0.129961816667179,-1.514318549655147,-6.250000683539481,0.0499999999999998,3.88,0.31,0,0.9999979852991432,5.714310720828367e-10,0.0,2.014129401162255e-06,0.0,0.0,0.9999979852991432,2.8442816222688094e-05
2025-12-01,2.653304114557753,1.1629935222018384,0.3388719826928454,-0.0524134422513977,-0.5294053873229787,-8.562694431440388,-0.0999999999999996,3.72,0.5499999999999998,0,0.9999622366592666,5.4974081551570414e-08,0.0,3.770836670834493e-05,0.0,0.0,0.9999622366592666,0.00042276501052433436
